 delta_b_6, delta_b_9
-3.25E-02,0.995397091
-15.45419033,-21.33404863
-0.390871749,0.637025206
-17.18422152,-23.06407982
2.64967365,3.677570599
3.939656788,4.967553761
1.176527844,2.20442476
3.369618941,4.397515911
-14.89453661,-20.77439491
1.827625435,2.855522391
2.714523945,3.742420915
3.122631783,4.150528754
3.714328012,4.742224986
3.904946505,4.932843479
2.709084334,3.736981306
2.74282526,3.770722232
2.470411384,3.498308355
3.438269347,4.466166321
2.67145965,3.69935662
2.835633662,3.863530635
-5.19E-02,0.976003528
-8.13E-02,0.946558637
-16.31261109,-22.19246939
-16.95659058,-22.83644889
-16.16106936,-22.04092766
-0.829312534,0.198584396
2.78095372,3.808850692
-0.218879875,0.809017002
-1.00354935,2.43E-02
3.569222297,4.597119269
2.775613992,3.803510962
4.480311554,5.508208528
2.93823884,3.96613581
3.747216551,4.775113524
2.531129673,3.559026646
3.461398288,4.489295261
-15.75883784,-21.63869614
1.393658413,2.421555383
2.953738456,3.981635427
3.168572193,4.196469165
6.895021612,7.922918588
3.967572958,4.995469923
1.837718288,2.86561525
2.300527886,3.328424851
-15.53358309,-21.41344139
6.178623247,7.206520222
2.07735599,3.10525295
3.23E-02,1.060199265
1.84E-02,1.046311896
-14.94732944,-20.82718774
7.353423513,8.381320488
7.01079361,8.038690584
7.438401409,8.466298384
7.339066319,8.366963294
1.170875783,2.198772709
-16.01298007,-21.89283837
2.866460882,3.894357849
4.611469309,5.639366284
2.433607328,3.461504296
1.732341295,2.760238249
2.907822573,3.935719543
2.445119678,3.473016642
3.163507934,4.191404906
1.794786788,2.822683747
-15.69955574,-21.57941404
4.252229675,5.280126649
6.124042898,7.151939873
9.607063668,10.63496064
3.440699713,4.468596687
3.670375927,4.6982729
3.774800903,4.802697877
8.162152285,9.19004926
5.858279742,6.886176718
1.927018237,2.954915184
4.694993689,5.722890663
4.195476118,5.223373092
2.341873735,3.369770697
2.210092652,3.237989624
2.728838238,3.756735209
3.537769439,4.565666409
1.235230289,2.263127257
5.293012779,6.320909753
3.506412628,4.534309601
2.23431061,3.262207583
2.929662491,3.957559463
9.291330164,10.31922714
2.729541635,3.757438607
2.851081997,3.87897897
3.035662558,4.06355953
4.945391302,5.973288276
2.32969322,3.357590192
3.539524927,4.5674219
2.695871755,3.723768727
3.386724417,4.414621389
3.707122071,4.735019044
1.535892141,2.563789094
5.29724093,6.325137905
3.350541084,4.378438054
4.323520007,5.351416981
-0.45804304,0.569853917
0.154120352,1.182017315
0.290547152,1.318444116
0.432198358,1.460095322
1.010986242,2.038883211
0.140631249,1.168528102
1.234700694,2.262597642
-16.33425231,-22.21411061
1.52274332,2.550640286
0.853383407,1.881280372
2.214145046,3.242042018
1.332975117,2.360872088
2.194013403,3.221910365
1.831241848,2.8591388
2.090510915,3.118407876
1.65413525,2.682032206
0.920891339,1.948788297
0.9797118,2.007608767
1.54429389,2.572190862
1.663208485,2.691105457
2.866992017,3.894888988
3.289942841,4.317839814
2.536150723,3.564047689
2.640182818,3.668079789
1.803089653,2.830986612
1.301648495,2.329545457
-15.88757039,-21.7674287
1.920016682,2.94791363
3.240577109,4.268474082
1.485349938,2.513246893
2.946128426,3.974025395
0.282122817,1.310019772
1.472540849,2.500437807
0.14234226,1.170239198
1.47196233,2.499859302
2.32659911,3.354496082
-17.1703262,-23.0501845
-16.39460675,-22.27446506
1.046098226,2.073995189
1.246861232,2.274758199
-0.707484224,0.320412714
0.691945037,1.719842002
-1.211855958,-0.18395906
5.08E-02,1.078673231
3.039188188,4.067085161
0.62615443,1.654051386
0.626134864,1.654031822
0.674112858,1.70200982
1.295714847,2.323611811
2.018400781,3.04629775
-0.139693583,0.888203343
2.741934089,3.769831061
2.580522719,3.608419688
3.149944991,4.177841964
2.259956786,3.287853755
3.502667283,4.530564257
1.699707405,2.727604358
1.578412176,2.606309148
-0.509466899,0.518430031
0.58571473,1.613611666
2.257586252,3.285483225
-0.233836754,0.794060178
3.014627296,4.042524267
2.413341472,3.441238436
2.554859259,3.582756226
3.937956318,4.965853291
2.06419662,3.092093593
2.500248197,3.528145168
2.833715592,3.861612563
1.355150707,2.383047674
1.433787233,2.461684205
2.569714083,3.597611056
2.854707172,3.882604146
0.49253872,1.520435613
2.674155952,3.702052925
2.364719766,3.392616738
1.844679113,2.872576084
1.525143879,2.553040849
1.964383757,2.992280729
1.05764503,2.085541995
2.839978362,3.867875334
1.986335765,3.014232737
2.217436635,3.245333607
3.159205669,4.187102643
2.495719517,3.52361649
2.330294382,3.358191355
0.36159861,1.389495572
2.838679455,3.866576428
2.602005275,3.629902248
-2.327749653,-1.299852789
0.937472704,1.965369665
1.37581088,2.403707851
0.333155818,1.361052785
2.6720605,3.69995747
2.83104811,3.858945081
1.89749262,2.925389584
3.368775944,4.396672917
2.584615184,3.612512155
3.218304724,4.246201696
2.320511969,3.348408941
3.246388548,4.274285521
2.005924239,3.033821196
3.909938488,4.937835461
2.692631747,3.720528715
2.313606975,3.341503944
1.35495012,2.382847068
3.622589997,4.650486972
2.282945955,3.310842925
-15.95934259,-21.8392009
3.058505325,4.086402296
3.379841629,4.407738602
2.329315472,3.357212444
1.843011182,2.870908149
2.267117978,3.295014945
2.967437609,3.995334579
2.073497429,3.101394391
2.969483428,3.9973804
2.066863834,3.094760804
1.991637551,3.01953451
2.821646702,3.849543672
3.212354877,4.240251849
3.32E-02,1.061083894
2.818546238,3.846443203
3.440634086,4.468531058
4.671907252,5.699804227
1.027871796,2.055768763
7.43333994,8.461236915
3.939101179,4.966998141
1.915983813,2.943880769
-0.254511622,0.773385331
0.208042423,1.235939386
0.950307148,1.978204113
2.393757449,3.42165442
2.446914517,3.474811483
0.715261765,1.743158671
2.891000776,3.91889775
4.991449282,6.019346257
2.034326712,3.062223673
2.723424692,3.751321666
-15.62130877,-21.50116707
-15.7290917,-21.60895001
1.026226546,2.054123473
6.271418223,7.299315197
2.944677136,3.972574107
3.723718507,4.75161548
-15.385239,-21.2650973
1.355892693,2.383789628
2.263698699,3.29159565
4.4122091,5.44010607
6.63630103,7.664198005
4.81647707,5.844374044
12.50413667,13.53203364
4.252908292,5.280805258
2.777693666,3.805590637
2.780660765,3.808557736
3.398119615,4.426016583
1.87064198,2.898538952
1.840072074,2.867969045
7.134584588,8.162481564
2.521953458,3.549850429
0.901670451,1.92956734
11.48107866,12.50897564
-15.65706596,-21.53692427
2.428822987,3.45671994
-14.33695528,-20.21681358
12.61786813,13.6457651
13.91007424,14.93797122
3.887918706,4.91581568
3.37051568,4.398412653
3.779448394,4.807345368
2.966114449,3.994011421
2.576559134,3.604456097
12.64304647,13.67094345
1.72051923,2.748416156
3.537538606,4.565435578
2.842787148,3.87068412
2.784607764,3.812504734
3.173184525,4.201081495
2.430863731,3.45876069
1.950483846,2.978380817
3.080726634,4.108623604
4.282057289,5.309954259
3.508642878,4.536539846
2.190489967,3.218386912
1.320588989,2.348485915
3.33412411,4.362021077
4.668073524,5.695970499
2.142003733,3.169900704
-15.7198428,-21.5997011
2.947767993,3.975664965
1.208259549,2.236156503
2.377744576,3.405641547
2.460244907,3.488141877
7.92E-02,1.107143233
1.543878924,2.571775885
0.959287575,1.987184532
-16.31801218,-22.19787048
0.88126192,1.909158885
2.155902461,3.183799434
-0.688903849,0.338993027
1.96088632,2.988783291
0.52296887,1.550865836
0.343902043,1.371799006
3.051612472,4.079509444
0.798547611,1.826444543
2.208818404,3.236715371
-16.91571903,-22.79557733
-16.97624528,-22.85610358
1.487246763,2.515143712
2.776194578,3.804091549
2.449618554,3.477515521
0.314944068,1.342841033
-16.99080239,-22.8706607
0.629565588,1.65746253
-16.82786323,-22.70772154
2.074619614,3.102516578
1.002859328,2.030756293
3.645589962,4.673486934
1.100512168,2.128409096
2.241231111,3.269128081
2.53085266,3.558749627
12.14191543,13.1698124
5.14708981,6.174986784
1.147249209,2.175146173
4.381356127,5.409253101
7.049658849,8.077555824
4.616513189,5.64441016
0.171163423,1.199060275
2.189384484,3.217281456
0.613855451,1.641752421
0.825493954,1.853390923
1.43951037,2.467407343
1.31625387,2.344150842
-1.897572359,-0.869675474
0.535873262,1.56377023
1.210750963,2.238647935
0.312167101,1.340064068
0.876000434,1.903897404
0.348017975,1.375914942
1.323511226,2.351408199
1.635609325,2.663506297
0.572833191,1.600730159
-0.420024678,0.607872279
-0.21438683,0.813510119
1.672494175,2.700391148
1.285714025,2.313610997
-0.370944845,0.656952112
0.970359375,1.998256343
0.342802054,1.370699017
-0.200123144,0.82777381
0.313474266,1.34137123
1.122429103,2.150326074
3.72E-02,1.065112817
2.869418206,3.897315178
3.892893705,4.920790679
2.992539935,4.020436903
2.218432365,3.246329329
0.344372014,1.372268975
-1.594286816,-0.56638994
-0.94077537,8.71E-02
6.95E-03,1.034849038
0.534749697,1.562646666
1.286552686,2.314449657
9.435040458,10.46293743
2.292580439,3.320477395
14.82991817,15.85781514
3.012160131,4.040057103
0.5874502,1.615346935
6.646599691,7.674496666
2.258318007,3.286214972
0.854565874,1.882462837
3.013788657,4.041685628
1.166907628,2.194804573
1.149862923,2.177759887
0.764089967,1.791986934
1.006573016,2.034469984
2.094727745,3.122624717
-2.6207799,-1.592883257
1.65877415,2.686671121
-16.55247226,-22.43233056
2.972145629,4.000042601
-0.656320457,0.371576463
2.321960322,3.349857289
3.26E-02,1.060489208
-0.384292,0.643604944
-0.178187098,0.849709857
0.527155176,1.555052141
-17.62843829,-23.5082966
0.530063713,1.557960665
-17.56172396,-23.44158227
-17.94076498,-23.82062328
0.489208042,1.517104999
2.404376373,3.432273342
-17.5107268,-23.39058511
-1.083860997,-5.60E-02
-17.48681755,-23.36667585
-0.779345455,0.248551481
0.704463458,1.732360396
0.746978398,1.774875355
-16.94247625,-22.82233456
-1.130304551,-0.102407742
3.358619943,4.386516916
1.114809993,2.142706954
1.640938393,2.668835351
1.51363998,2.541536945
-17.31015973,-23.19001804
-16.99127749,-22.87113579
1.986602632,3.014499598
1.621561461,2.649458427
-18.01365194,-23.89351025
-17.521042,-23.40090031
1.147391025,2.175287996
-7.80E-02,0.949907981
0.28463405,1.31253101
-0.227018405,0.800878535
-17.76292434,-23.64278265
-1.040350199,-1.25E-02
-16.96306417,-22.84292247
-17.39504294,-23.27490124
-17.15736243,-23.03722073
-17.88729236,-23.76715067
-0.596979648,0.430917286
-1.758099901,-0.730203026
0.714724209,1.742621177
-1.472975946,-0.445079062
-16.92824269,-22.80810099
-16.98754751,-22.86740581
-16.63502698,-22.51488528
-17.33379828,-23.21365659
-16.76620556,-22.64606386
-18.13723997,-24.01709827
-0.99587748,3.20E-02
-17.84056365,-23.72042195
-18.23714542,-24.11700372
1.11280803,2.140704999
2.911891802,3.939788776
3.58399616,4.611893135
0.230382249,1.258279215
2.344175661,3.372072635
2.636649959,3.664546929
3.295668163,4.323565136
4.01E-02,1.067985571
1.063542626,2.091439597
0.397975252,1.425872219
1.009757715,2.037654685
0.365263315,1.393160278
1.409698302,2.437595274
-0.225541403,0.802355559
1.672846681,2.700743654
1.074751492,2.102648463
-0.3263392,0.701557758
1.809293059,2.837190033
-0.21796921,0.809927749
-0.51570325,0.512193704
12.00937819,13.03727517
0.755670821,1.78356779
1.392749892,2.420646864
0.680577981,1.708474951
-17.86816333,-23.74802163
1.321152509,2.349049476
4.410039361,5.437936335
2.329910882,3.357807846
2.357553412,3.385450385
2.154587254,3.182484228
1.75937159,2.787268562
1.059793331,2.087690302
0.737147154,1.765044123
0.846810095,1.874707066
1.361991716,2.389888686
1.634642489,2.662539461
5.486753776,6.514650751
2.914220796,3.942117769
1.928751055,2.956648028
2.996504168,4.02440114
0.749377872,1.77727484
1.171692997,2.199589967
-1.775569013,-0.747672128
1.365466344,2.393363316
0.277795632,1.3056926
4.761198528,5.7890955
4.849877016,5.877773986
0.384837221,1.412734182
2.30522643,3.333123404
2.872447361,3.90034433
3.670053825,4.697950795
3.048719822,4.076616792
2.029348324,3.057245294
4.203875274,5.231772248
3.877450416,4.90534739
4.014715195,5.042612169
1.960901753,2.988798725
3.658212259,4.686109233
2.970970639,3.998867611
4.379867591,5.407764565
3.517784995,4.545681968
3.723608828,4.751505802
4.13068803,5.158585005
3.54664188,4.574538854
2.701490173,3.729387147
2.69330493,3.721201904
3.839602726,4.8674997
3.864527913,4.892424888
3.708046079,4.735943053
3.174260373,4.202157347
3.825678656,4.85357563
4.044348305,5.072245279
2.940081511,3.967978485
3.621609576,4.649506551
3.484979239,4.512876212
4.045156025,5.073052999
3.243010866,4.270907841
4.040451587,5.068348561
3.204086658,4.231983631
2.894137644,3.922034618
3.392185137,4.420082111
3.935579044,4.963476018
4.057749824,5.085646798
-0.656061458,0.371835492
-1.00332221,2.46E-02
1.99048487,3.018381841
-0.62053176,0.407365186
2.886531923,3.914428897
2.500647243,3.528544217
3.865358819,4.893255794
3.144777779,4.172674754
2.054773242,3.082670215
1.972428441,3.000325414
0.235674252,1.263571216
0.582873224,1.610770193
1.240648269,2.268545241
3.862365814,4.890262788
3.294884138,4.322781112
2.693293446,3.72119042
3.6234441,4.651341074
3.390953616,4.418850591
-1.855434957,-0.827538065
-2.925568793,-1.897672068
0.737500719,1.765397688
-0.190395678,0.837501282
1.061407261,2.089304231
1.114695531,2.142592502
1.295706747,2.323603718
1.092620278,2.120517248
1.108396769,2.136293739
1.605011168,2.632908139
1.088447519,2.116344486
1.746929256,2.774826227
0.566194948,1.594091908
2.285820112,3.313717085
3.063080307,4.090977281
1.850474055,2.878371027
1.956037205,2.983934177
2.000774399,3.028671372
1.855923087,2.883820059
1.793191872,2.821088844
2.076822515,3.104719488
2.674408201,3.702305175
2.191645319,3.219542291
2.882589747,3.910486721
2.494471473,3.522368447
1.76131798,2.789214953
2.438237946,3.466134918
3.162001162,4.189898137
2.114990912,3.142887885
2.68495938,3.712856353
2.131317674,3.159214646
1.250920243,2.278817215
2.491570535,3.519467509
2.52573971,3.553636684
3.625855588,4.653752562
3.917731166,4.94562814
4.538822188,5.566719162
3.824824881,4.852721855
2.136073383,3.163970357
2.848831398,3.876728372
2.742928365,3.770825339
2.505182828,3.533079801
2.515067362,3.542964336
2.589621833,3.617518806
3.709987745,4.737884719
3.917015477,4.944912451
4.290492132,5.318389106
3.85010426,4.878001235
3.896097757,4.923994732
3.374970001,4.402866975
3.195143605,4.223040579
4.677499719,5.705396693
5.102615331,6.130512306
4.404809487,5.432706462
4.442277957,5.470174931
4.391838734,5.419735709
4.389331091,5.417228065
3.923628901,4.951525876
4.887665348,5.915562323
3.972240552,5.000137526
4.179921287,5.207818262
4.419733834,5.447630809
4.027058943,5.054955918
3.756801256,4.784698231
5.770079843,6.797976818
3.485150698,4.513047672
4.182618905,5.210515879
4.693994607,5.721891581
4.484723509,5.512620484
2.91327801,3.941174984
3.094783379,4.122680353
2.85028884,3.878185814
2.873131385,3.901028359
4.582338224,5.610235198
4.604436736,5.63233371
4.798172711,5.826069685
4.661436153,5.689333127
4.445795368,5.473692343
3.259687899,4.287584874
2.700199196,3.72809617
4.97983334,6.007730314
3.518211589,4.546108564
1.944162775,2.972059746
2.863096836,3.890993809
2.665432376,3.693329349
3.805825949,4.833722923
3.111615799,4.139512773
3.594129049,4.622026023
3.71309437,4.740991344
2.727696568,3.755593542
3.563944765,4.591841739
3.663572003,4.691468978
3.699213497,4.727110472
3.960254598,4.988151572
3.887162942,4.915059916
3.702340405,4.730237379
4.275439248,5.303336222
3.754126214,4.782023188
3.466050923,4.493947897
4.483662002,5.511558977
3.497334974,4.525231949
3.77915671,4.807053684
4.257101608,5.284998582
3.860058679,4.887955653
3.647558477,4.675455451
3.219923319,4.247820293
4.028264695,5.056161669
2.867509959,3.895406933
2.696071074,3.723968048
3.491546595,4.519443569
3.335063689,4.362960662
3.442085884,4.469982859
1.70882638,2.736723316
15.78909387,16.81699085
-15.51558284,-21.39544114
2.251148335,3.279045291
14.42260444,15.45050142
-14.89656266,-20.77642096
-13.6438229,-19.5236812
14.02920621,15.05710318
-15.64189871,-21.52175701
-14.2724225,-20.1522808
-13.96227089,-19.84212919
2.168889771,3.196786717
0.980566901,2.008463866
4.143787988,5.171684959
14.79692545,15.82482243
0.84023964,1.868136583
1.650668597,2.678565568
-14.33727973,-20.21713803
-14.82245769,-20.702316
-15.91079191,-21.79065021
4.139526282,5.167423256
1.160677358,2.188574272
7.554457815,8.58235479
5.916879304,6.944776279
3.199978697,4.227875665
1.366637089,2.39453406
1.860898687,2.888795656
0.971643079,1.999540048
1.357589023,2.385485991
1.203215499,2.231112462
3.458027241,4.485924214
1.967060293,2.994957259
3.526889684,4.554786638
3.084024527,4.111921488
0.498182461,1.526079366
3.222027949,4.249924918
3.728501342,4.756398305
2.251130346,3.279027291
3.511843539,4.539740514
3.259472759,4.287369732
3.099758349,4.127655322
2.750270932,3.778167907
1.944827142,2.972724116
2.142113566,3.17001054
1.409478515,2.437375479
3.850543389,4.878440362
3.719510731,4.747407704
2.056755974,3.084652938
2.201687857,3.22958481
1.280100081,2.307996933
5.493040359,6.520937334
-15.59013412,-21.46999242
1.871808239,2.899705205
3.072040578,4.099937551
2.689543181,3.717440155
2.769302586,3.79719956
3.385209361,4.413106333
3.728838177,4.756735147
1.197144745,2.22504171
3.375700737,4.403597709
1.346611122,2.374508092
1.341635792,2.369532734
3.109919124,4.137816098
2.981056054,4.008953028
1.8947769,2.922673864
1.144871531,2.172768498
3.700112431,4.728009402
1.533315158,2.561212113
3.728609255,4.756506227
1.900018891,2.927915849
12.20913879,13.23703576
2.003660889,3.031557857
1.494655721,2.522552691
6.502325,7.530221975
2.730562012,3.758458981
2.271234839,3.299131797
2.88269401,3.91059098
1.033374517,2.061271488
5.811679366,6.839576341
5.152056264,6.179953238
4.35570051,5.383597485
0.844577638,1.872474543
4.331269152,5.359166124
4.368546334,5.396443308
-16.17142277,-22.05128107
1.89395269,2.921849645
2.691957648,3.719854623
2.613341994,3.641238968
4.373174649,5.40107162
4.441539843,5.469436818
2.78382098,3.811717954
3.25610237,4.283999343
3.311488426,4.339385399
2.419257192,3.447154162
2.335080667,3.362977632
3.364240283,4.392137257
1.093568576,2.121465539
1.68175484,2.709651812
1.739103219,2.767000178
1.532599992,2.560496951
2.236752208,3.26464918
3.580590438,4.608487411
0.64281335,1.670710281
1.847676967,2.875573937
0.799084918,1.82698185
2.456313557,3.484210528
3.649714715,4.677611689
1.306531601,2.334428568
-17.05862348,-22.93848178
0.474375733,1.50227269
1.300800318,2.328697282
1.972129892,3.00002686
1.275426637,2.303323608
0.869702983,1.897599952
0.344484757,1.372381723
-0.422278972,0.60561796
0.601370505,1.629267469
-6.79E-02,0.959989336
0.809611998,1.837508963
1.253940984,2.281837956
2.161110926,3.189007892
4.122103569,5.150000542
2.958068255,3.985965228
1.824659362,2.852556334
2.259514332,3.287411304
4.027331021,5.055227995
2.779642869,3.807539843
1.217778419,2.245675386
2.021716291,3.049613261
3.114911611,4.142808579
4.58451754,5.612414514
3.111209936,4.13910691
5.970926184,6.998823158
2.258691028,3.286587953
3.802309833,4.830206797
-15.14707071,-21.02692901
0.949018927,1.97691581
0.106717143,1.134614057
2.611531887,3.639428852
5.101833263,6.129730221
-1.74E-02,1.01050519
1.386356448,2.414253368
6.806472549,7.834369523
6.603384518,7.631281493
2.891429419,3.919326387
1.732231785,2.760128719
3.440804117,4.468701088
1.008754124,2.036651037
2.223946705,3.251843678
-13.76201159,-19.64186989
-14.65353051,-20.53338881
-14.10779723,-19.98765552
1.805376481,2.833273453
1.348382929,2.376279899
1.83325955,2.861156518
1.153430128,2.181327063
0.936291416,1.96418838
2.005202272,3.033099244
3.038759534,4.066656506
1.582839027,2.610735999
2.576008992,3.603905964
1.303911933,2.331808891
0.932089932,1.9599869
0.821712805,1.849609772
-18.07968911,-23.95954742
-0.449836544,0.578060405
1.091921606,2.119818571
0.480464489,1.508361455
0.413548418,1.44144538
-0.664023379,0.363873566
0.436531213,1.464428173
4.900430176,5.928327135
2.807254296,3.835151264
-13.79493638,-19.67479467
-15.26795041,-21.14780871
0.87827553,1.906172496
3.265809024,4.293705997
-18.15158588,-24.03144418
0.467903205,1.495800172
1.629959052,2.657856022
2.848776281,3.87667325
1.995562668,3.023459623
1.28113904,2.309035975
2.619461309,3.64735827
2.457144845,3.48504181
1.468664742,2.496561662
-15.49330801,-21.37316631
3.292951203,4.320848175
2.574555556,3.602452528
3.156743452,4.184640422
2.330111496,3.358008469
1.765545312,2.79344227
-0.201383226,0.826513694
-16.89998989,-22.77984819
3.317886037,4.345783003
5.520666383,6.548563357
9.991786239,11.01968321
1.583312401,2.611209353
4.012067692,5.039964666
2.123055119,3.150952079
2.860998647,3.888895618
3.909683246,4.937580218
9.333132951,10.36102993
2.400884123,3.428781093
2.786245985,3.814142956
3.005782607,4.033679579
2.152068547,3.179965509
2.704877959,3.732774922
-13.29242872,-19.17228697
2.501618499,3.529515465
1.796741738,2.824638699
-6.02E-02,0.967695429
4.727605924,5.755502898
2.907075696,3.934972662
4.147308598,5.175205571
2.458417212,3.486314181
2.75888442,3.786781391
1.659942439,2.687839391
2.187604114,3.215501079
3.863686937,4.891583909
3.645408951,4.673305925
1.468037232,2.495934152
3.213367216,4.241264187
3.165985761,4.193882735
3.268762518,4.296659492
2.160281392,3.188178357
2.888625158,3.916522129
3.386425481,4.414322454
3.227805155,4.255702127
3.9256683,4.953565274
4.500254144,5.528151119
2.908989606,3.936886579
1.8336773,2.861574271
3.504200381,4.532097355
1.623744352,2.65164132
2.524987374,3.552884345
0.320168192,1.348065148
2.501184517,3.52908149
2.864748623,3.892645596
1.740589852,2.768486825
3.264171139,4.292068112
3.76812127,4.796018244
1.32225833,2.3501553
0.82826801,1.856164975
3.31293748,4.340834453
1.901336215,2.929233184
2.843692004,3.871588975
3.970917756,4.998814728
3.368109672,4.396006642
4.363165476,5.391062447
3.328610819,4.356507791
4.909855126,5.937752101
3.974911624,5.002808598
5.000767902,6.028664877
3.347626937,4.375523909
3.048732037,4.076629007
3.936468418,4.964365391
2.427122497,3.455019461
0.442673114,1.47057004
1.456170368,2.484067332
1.533611855,2.561508811
2.065719789,3.093616754
4.896971949,5.924868923
2.828900927,3.856797895
6.158029145,7.18592612
1.936575551,2.964472418
4.427764756,5.45566173
1.765347791,2.793244705
5.572996016,6.600892991
5.699966515,6.72786349
4.253055029,5.280952002
2.685522891,3.713419857
2.96872167,3.99661864
3.163217631,4.191114604
0.773969115,1.801866058
2.394386706,3.422283675
-15.54773112,-21.42758942
2.960264586,3.988161555
2.011000131,3.038897097
3.230499825,4.258396798
3.334580055,4.362477029
-0.951802291,7.61E-02
-0.187260903,0.840635974
-16.64121742,-22.52107573
1.00556581,2.03346276
-16.81334348,-22.69320178
2.963990844,3.991887817
-15.5997683,-21.4796266
-16.29344025,-22.17329855
2.160502704,3.188399673
-0.249603699,0.778293221
0.288401755,1.316298688
1.79013547,2.818032435
2.475035592,3.502932559
-16.09229753,-21.97215583
-15.8229753,-21.7028336
-0.101479632,0.926417261
1.053518978,2.081415915
-16.28699332,-22.16685162
-16.17894033,-22.05879863
5.56E-02,1.083467792
1.45202798,2.479924942
0.209205985,1.237102913
-15.94068254,-21.82054084
3.320435192,4.348332165
3.252284457,4.280181429
3.421508827,4.449405799
1.023144655,2.051041593
3.469109237,4.49700621
3.058005783,4.085902754
1.409547158,2.437444112
2.546018982,3.57391595
-16.55018722,-22.43004552
2.169422965,3.197319937
3.066062151,4.093959123
3.243050396,4.270947366
-15.7667565,-21.6466148
-15.72266174,-21.60252004
2.959912079,3.987809043
3.58896193,4.616858903
2.56087375,3.58877072
4.253857123,5.281754098
2.114255795,3.142152763
2.531728768,3.559625735
1.350335115,2.378232073
0.603393322,1.631290236
-15.61028211,-21.49014041
-16.12540266,-22.00526096
-16.24245276,-22.12231106
-16.22662491,-22.10648321
2.24574194,3.273638903
-15.65131481,-21.53117311
4.723358872,5.751255847
1.35886608,2.386763036
-16.70047898,-22.58033729
-0.170263375,0.857633545
0.673497373,1.701394304
3.729894184,4.757791158
2.493027005,3.520923973
5.339967227,6.367864202
3.624974116,4.65287109
4.012501276,5.04039825
1.467319657,2.49521661
2.738206147,3.766103117
2.442177556,3.470074526
2.326999233,3.3548962
1.927697756,2.955594722
1.149489916,2.17738687
0.593124285,1.621021226
-15.79682641,-21.67668471
1.137640399,2.165537343
-15.0332394,-20.9130977
4.471801071,5.499698045
-15.90580341,-21.78566171
2.37954929,3.407446242
-15.99685867,-21.87671697
3.437124278,4.465021249
3.599304758,4.627201721
2.992939844,4.020836814
3.069231277,4.097128243
2.519237324,3.54713427
1.40803562,2.435932545
2.534372846,3.562269811
0.54245619,1.570353001
3.020163513,4.048060479
1.671819595,2.699716512
-16.00221788,-21.88207619
0.808605161,1.836502099
2.056597361,3.084494322
-14.07658842,-19.95644672
0.885295912,1.913192876
1.791478827,2.819375776
1.276852943,2.304749914
3.018991479,4.046888449
4.198768684,5.226665658
3.375146504,4.403043477
2.422297577,3.450194547
2.233069984,3.260966795
4.887137155,5.915034127
3.49619108,4.524088052
-15.11661561,-20.99647391
0.93204369,1.959940556
5.055155337,6.083052312
11.19928983,12.2271868
7.555174165,8.58307114
2.309788103,3.337685045
1.674199195,2.702096164
-17.08664457,-22.96650287
0.180648367,1.20854528
-14.88524064,-20.76509894
-15.20656572,-21.08642402
3.077145651,4.105042625
1.730453288,2.758350258
4.669156922,5.697053897
3.874787764,4.902684738
2.937269525,3.965166497
3.095596273,4.123493243
1.686753597,2.714650536
2.415348833,3.443245797
-13.97041053,-19.85026883
1.084798128,2.112695027
2.886590502,3.914487467
-15.81133599,-21.69119429
3.270927566,4.298824535
2.455875376,3.483772334
-14.92445679,-20.80431508
2.806112808,3.834009778
2.129848637,3.157745601
5.99E-03,1.03388597
1.163527497,2.191424452
1.418337477,2.446234444
2.461894999,3.489791967
1.909629806,2.937526771
1.520558604,2.548455557
-16.52352676,-22.40338507
-17.25179217,-23.13165047
-17.79133349,-23.67119179
1.368315958,2.396212914
1.945514092,2.973411046
1.178122381,2.206019343
-0.717993579,0.309903313
0.280460434,1.308357394
-1.252835242,-0.224938391
-1.544614792,-0.516717983
-16.99275853,-22.87261683
-0.615120882,0.412776048
-17.77293934,-23.65279764
-17.38286825,-23.26272655
-17.53585512,-23.41571342
-15.77640491,-21.65626321
-16.65968354,-22.53954184
-15.76695549,-21.64681379
-17.18448912,-23.06434742
-15.33968597,-21.21954427
-0.873442695,0.154454233
-16.46787882,-22.34773712
1.203393375,2.231290324
2.880553925,3.908450898
8.288941379,9.316838354
3.766221936,4.794118911
4.488269225,5.516166199
4.036183035,5.064080009
-14.65538979,-20.53524809
-7.806907856,-13.68672341
10.46752688,11.49542386
-14.89655607,-20.77641437
13.68759333,14.7154903
4.323823701,5.351720676
4.860659687,5.888556661
3.552314359,4.580211333
3.067072416,4.094969389
3.529291722,4.557188695
2.483971804,3.511868773
3.874023516,4.901920489
4.250932118,5.278829092
2.70758472,3.735481694
3.679952707,4.707849682
3.580166987,4.608063961
2.254859166,3.282756139
2.860918373,3.888815347
3.300942539,4.328839511
3.209392352,4.237289323
5.179329165,6.207226139
2.75655569,3.784452662
2.715706281,3.743603251
2.868110318,3.896007283
7.391908737,8.419805712
-15.65533684,-21.53519515
0.112272348,1.140169181
3.015659418,4.043556387
1.266829355,2.294726286
4.056102494,5.083999468
3.136551456,4.164448428
2.736925486,3.76482246
8.130896385,9.15879336
2.121809654,3.149706607
7.68637093,8.714267905
1.725574376,2.753471341
12.41486013,13.44275711
-13.76168309,-19.6415414
-14.60956783,-20.48942613
1.061116156,2.089013106
1.838824349,2.866721306
-15.2106555,-21.09051379
-15.41299911,-21.29285741
2.573444797,3.601341707
5.131428033,6.159325006
0.973395736,2.001292704
1.910045509,2.937942473
1.033283846,2.061180783
3.881980082,4.909877051
2.750028232,3.777925203
2.444055637,3.471952598
2.183733969,3.211630923
2.27992799,3.307824958
1.866053275,2.893950231
-15.82725014,-21.70710844
1.639046005,2.666942974
1.027759196,2.055656163
-0.247244024,0.78065292
1.895267332,2.923164296
0.55571647,1.583613419
1.527704802,2.55560177
9.77E-02,1.125564837
-18.01665174,-23.89651005
2.745101499,3.772998468
0.462925763,1.490822692
-16.33764096,-22.21749927
-15.14403178,-21.02389008
-16.37015169,-22.25000999
1.242414259,2.270311202
-14.93280955,-20.81266785
-16.92144729,-22.80130559
-16.81138853,-22.69124683
0.933398799,1.961295755
-0.503664811,0.524232126
-17.19831813,-23.07817644
-16.7742864,-22.6541447
-17.54948353,-23.42934184
2.088828299,3.116725224
4.209780688,5.237677662
2.82505876,3.85295573
-14.58195293,-20.46181123
1.785981796,2.813878735
-0.575486995,0.452409783
-14.59265172,-20.47251
-16.76206041,-22.64191872
-16.95561787,-22.83547617
-16.83276731,-22.71262562
-17.17276862,-23.05262692
-17.37086804,-23.25072634
-16.89705178,-22.77691008
0.719508072,1.747405002
-16.81137634,-22.69123464
-16.97251399,-22.85237229
0.476980136,1.504877031
2.463224358,3.491121322
-14.82619569,-20.70605398
-15.82669183,-21.70655013
-14.67604113,-20.55589941
-15.03466035,-20.91451864
-15.17379559,-21.05365389
-15.00041581,-20.88027411
-14.99633735,-20.87619565
5.49248284,6.520379814
-15.36192656,-21.24178486
-16.69620518,-22.57606348
0.259307577,1.287204455
1.611783319,2.639680272
3.249406449,4.27730342
-15.62383349,-21.50369179
-0.31471768,0.713179172
2.577690755,3.60558772
2.578643016,3.606539981
-15.65668414,-21.53654244
1.329939939,2.357836905
0.921904438,1.9498014
-1.014457921,1.34E-02
1.856977341,2.884874292
-14.70260106,-20.58245935
-18.04633884,-23.92619714
-16.28325881,-22.16311711
-15.37559132,-21.25544961
0.325435766,1.353332633
2.416572279,3.444469248
2.097532475,3.125429442
0.482271613,1.510168501
-15.5086912,-21.3885495
-0.140896721,0.887000209
2.546490422,3.574387388
-15.57414294,-21.45400124
-16.45128795,-22.33114625
-15.22495021,-21.1048085
1.628640778,2.65653774
3.058991002,4.086887973
2.94009248,3.967989451
-15.56761827,-21.44747657
-16.56902438,-22.44888269
1.673963044,2.701860009
-16.34864878,-22.22850708
-16.05142926,-21.93128756
1.862622685,2.890519627
0.278740931,1.306637809
-15.02380282,-20.90366111
0.180283794,1.208180703
-15.47740894,-21.35726724
2.696220829,3.724117791
1.733963013,2.761859972
1.855394503,2.883291447
4.938613366,5.966510341
7.002553775,8.030450751
2.05085906,3.078756021
2.045393753,3.073290707
2.976668169,4.004565135
1.889581223,2.917478173
-15.86650005,-21.74635836
4.247684867,5.275581841
2.214918805,3.242815762
2.117915338,3.145812299
2.277224925,3.305121882
2.051606359,3.079503321
5.266308945,6.294205919
3.198565957,4.226462929
5.136601114,6.164498089
-0.940742664,8.72E-02
0.742132333,1.770029295
-16.06454351,-21.94440181
0.908184656,1.936081565
-16.98957192,-22.86943023
0.96442026,1.992317221
-17.006263,-22.8861213
-0.232562483,0.795334416
-16.86918431,-22.74904262
-17.22975938,-23.10961768
-16.71981831,-22.59967662
-16.6052935,-22.4851518
-16.7677191,-22.6475774
-17.09924807,-22.97910637
0.911402755,1.939299711
-17.17584503,-23.05570334
-17.30600625,-23.18586455
-17.09101313,-22.97087143
-17.27015473,-23.15001304
-17.43182889,-23.31168719
-17.31907384,-23.19893214
-17.36218505,-23.24204335
-17.35276132,-23.23261962
-17.34951541,-23.22937372
-17.29073293,-23.17059124
-17.43947026,-23.31932856
-0.38639406,0.641502877
-17.14402539,-23.02388369
-17.4576681,-23.3375264
-17.01450064,-22.89435894
-17.39387799,-23.2737363
-17.08026087,-22.96011917
-16.81559767,-22.69545598
-16.54647891,-22.42633721
0.35618922,1.384086154
-16.74444945,-22.62430775
-17.55925376,-23.43911206
-15.64595812,-21.52581642
1.562742963,2.59063993
2.667070645,3.694967616
-16.43932633,-22.31918463
2.002323191,3.030220162
-0.780795243,0.247101656
-17.47699865,-23.35685696
-17.59077455,-23.47063285
-1.110623536,-8.27E-02
-0.198428837,0.829468121
-3.09E-02,0.997005856
2.558212691,3.586109665
1.734425589,2.76232256
1.83448607,2.862383041
-17.93648037,-23.81633867
-18.23997894,-24.11983724
-17.87825437,-23.75811267
-16.89035074,-22.77020905
-17.50703015,-23.38688845
-17.41927255,-23.29913085
-16.71392154,-22.59377984
-17.254325,-23.13418331
-17.69601092,-23.57586922
0.329998459,1.357895409
-17.42367728,-23.30353559
-9.53E-02,0.932549362
-17.44532392,-23.32518223
-17.19485355,-23.07471185
-17.40267605,-23.28253436
-17.51031327,-23.39017158
-17.39864455,-23.27850285
-1.152771196,-0.12487432
-17.4948154,-23.37467371
0.566862015,1.594758976
-17.21407094,-23.09392924
0.398530885,1.426427838
0.73992104,1.767817998
-17.00677614,-22.88663444
-17.49774137,-23.37759968
-17.23089522,-23.11075352
-17.46446715,-23.34432546
2.107056395,3.134953366
-17.23117918,-23.11103749
-0.115091993,0.912804955
5.86E-02,1.086448572
0.405595616,1.433492579
-17.66415921,-23.54401751
-17.87692811,-23.75678641
0.338707066,1.366604028
-17.43471484,-23.31457315
-17.68378946,-23.56364776
-18.01848808,-23.89834639
-1.00862702,1.93E-02
-16.6417062,-22.5215645
1.317108165,2.34500512
-15.45134842,-21.33120672
-16.43163195,-22.31149025
-16.61297876,-22.49283706
-16.96541388,-22.84527218
0.653412285,1.681309245
2.696113012,3.724009985
3.689919797,4.717816772
3.038222017,4.06611899
3.899777122,4.927674096
2.387414378,3.41531135
2.527846744,3.555743717
-17.34701107,-23.22686937
-17.15783439,-23.03769269
-17.33439634,-23.21425465
-17.3322576,-23.21211591
-16.76145345,-22.64131175
9.63E-02,1.124193076
-17.39431713,-23.27417543
-16.6651584,-22.54501671
-16.58350891,-22.46336721
-1.86E-02,1.009317309
-16.66006344,-22.53992175
-0.296375331,0.731521611
-17.2027501,-23.08260841
0.580443171,1.608340098
-15.65930574,-21.53916404
0.26756086,1.295457812
1.591406372,2.619303335
-15.56863617,-21.44849447
-16.02343615,-21.90329445
3.088612713,4.116509686
2.569773546,3.597670517
3.379010948,4.406907922
-17.69903648,-23.57889478
2.01221885,3.040115823
1.563995083,2.591892053
1.657387651,2.685284617
3.002593914,4.030490887
4.620203139,5.648100114
2.953378362,3.981275337
3.576034738,4.603931713
3.722164855,4.75006183
4.543938787,5.571835762
4.446934218,5.474831193
4.454235863,5.482132837
4.699053142,5.726950117
3.978273844,5.006170818
4.689756182,5.717653156
4.424922822,5.452819796
3.677575374,4.705472348
3.133880823,4.161777797
2.836848085,3.864745058
3.255786168,4.283683142
3.721297253,4.749194228
3.147460695,4.175357669
3.373175307,4.40107228
3.411174756,4.43907173
3.130194281,4.158091254
3.655601732,4.683498706
3.81597125,4.843868224
3.657853133,4.685750108
4.099188879,5.127085853
4.019331594,5.047228568
3.967071953,4.994968927
4.428371015,5.456267989
3.42420366,4.452100635
2.591803401,3.619700375
3.763080118,4.790977092
3.805703445,4.833600419
4.478079512,5.505976486
3.719194085,4.747091059
4.308379971,5.336276945
4.50863679,5.536533764
3.954351445,4.982248419
3.383952899,4.411849873
4.294366849,5.322263823
4.403914946,5.431811921
4.074312241,5.102209215
4.576028967,5.603925942
3.816325867,4.844222841
2.979756054,4.007653025
3.098997904,4.126894876
2.144465003,3.172361969
4.361666559,5.389563534
6.829500974,7.857397949
3.421196474,4.449093445
3.125924665,4.153821635
2.782217793,3.810114763
1.833427493,2.861324454
2.140794862,3.168691826
4.004845801,5.032742775
3.088558063,4.116455034
3.030207465,4.058104438
4.359850442,5.387747416
3.575055605,4.602952577
3.489065418,4.516962391
3.652640605,4.680537578
3.715600994,4.743497968
3.735314261,4.763211234
2.922606031,3.950502997
3.658116946,4.686013919
3.420471872,4.448368842
4.1994243,5.227321274
3.295571851,4.323468825
3.596391353,4.624288325
2.133176432,3.161073406
1.840826377,2.868723342
3.103056543,4.130953516
4.89E-03,1.032786934
2.229092546,3.256989513
3.932219388,4.960116362
2.681834624,3.709731594
2.402137989,3.43003496
3.79897952,4.826876494
2.967957181,3.995854153
3.99842719,5.026324164
1.697012209,2.72490918
2.925945357,3.953842329
1.83467232,2.862569277
-0.139633626,0.88826324
2.815476588,3.843373559
2.590820334,3.618717303
3.421153963,4.449050936
3.763232041,4.791129015
4.576556255,5.60445323
3.702051286,4.729948259
2.948005044,3.975902015
3.191910471,4.219807442
1.843387629,2.871284591
3.556121481,4.584018455
2.737211434,3.765108407
3.333602759,4.361499732
3.146704,4.174600974
0.78434125,1.812238204
2.595887499,3.62378447
2.597307053,3.625204027
3.348936027,4.376833001
2.989223248,4.01712022
3.104057617,4.131954591
2.969718905,3.997615876
3.024472254,4.052369227
1.950458587,2.978355558
3.393175511,4.421072486
2.7721643,3.800061271
2.870950154,3.898847128
3.501533888,4.529430862
3.403122072,4.431019045
2.749488396,3.77738537
2.80436849,3.832265464
2.74861096,3.776507928
2.784716777,3.81261375
4.367304144,5.395201118
5.745399157,6.773296132
6.506683905,7.53458088
6.801098912,7.828995888
2.661882528,3.689779495
4.799612393,5.827509367
1.942629166,2.97052613
6.885526627,7.913423603
3.534950565,4.562847537
1.951939177,2.979836138
1.389047741,2.416944692
1.009961635,2.037858574
2.945024417,3.972921388
2.736599394,3.764496365
2.027591026,3.055487993
3.605210945,4.633107918
3.532373212,4.560270186
3.95025748,4.978154454
1.89792876,2.925825727
2.789816916,3.817713884
0.858493177,1.886390134
0.873170915,1.90106787
4.390010322,5.417907296
3.392876089,4.420773061
3.752670621,4.780567594
3.635032292,4.662929265
3.09325522,4.121152194
3.262730669,4.290627642
3.774633667,4.802530642
3.686492988,4.714389962
3.241694639,4.269591614
3.840904632,4.868801606
4.549179766,5.577076741
4.276035777,5.303932751
3.737944939,4.765841913
3.509014677,4.536911651
3.252388681,4.280285655
3.612448882,4.640345857
4.135496995,5.163393969
1.823274628,2.851171584
4.408661397,5.436558371
4.89878974,5.926686715
2.650640396,3.678537362
4.55511025,5.583007225
1.433807507,2.461704446
3.268186582,4.296083554
4.552427499,5.580324473
1.731501675,2.759398637
4.062644675,5.090541649
4.007786269,5.035683243
3.396844796,4.42474177
4.022135413,5.050032388
4.613090677,5.64098765
5.038395466,6.066292441
2.951485299,3.97938227
3.214639122,4.242536095
4.240093233,5.267990208
3.909921003,4.937817977
3.61832335,4.646220323
2.868047468,3.895944441
3.232417486,4.260314459
3.935703775,4.963600749
3.219330478,4.247227453
3.310932906,4.338829879
3.496851689,4.524748662
2.261800932,3.289697904
3.045065031,4.072962005
2.080004844,3.107901818
3.928659508,4.956556482
2.723012739,3.750909713
2.917085073,3.944982047
2.661008324,3.688905297
1.637363425,2.66526039
3.449177708,4.477074682
3.63572274,4.663619713
2.632422396,3.660319359
2.104495274,3.132392225
2.774624617,3.802521577
7.709998674,8.737895649
3.062690018,4.090586984
4.855698941,5.883595915
4.177546825,5.205443797
2.352544756,3.380441724
4.960018274,5.987915249
5.938595486,6.966492461
-16.57022345,-22.45008175
10.55649186,11.58438884
3.680576592,4.708473557
2.437062012,3.464958985
2.501124117,3.52902109
2.3904945,3.418391471
2.952733019,3.980629993
1.464394088,2.49229106
2.516783639,3.544680613
2.497387871,3.525284845
0.792549516,1.820446483
2.50025179,3.528148764
1.780580346,2.80847732
1.808341895,2.836238869
0.444583354,1.47248032
2.161855735,3.189752709
1.595989106,2.623886077
2.912424093,3.940321066
2.553772275,3.581669249
2.683126459,3.711023431
2.505759435,3.533656409
2.976486604,4.004383578
1.555507414,2.583404387
2.340096252,3.367993225
2.390472138,3.418369112
2.043250906,3.071147879
2.880452208,3.908349182
2.037914654,3.065811628
1.952669877,2.98056685
2.35763908,3.385536052
3.372547017,4.400443989
2.885326507,3.913223481
2.120720968,3.14861794
2.490071209,3.517968183
2.809378814,3.837275788
3.045849439,4.073746413
3.522290328,4.550187301
2.780545103,3.808442074
3.209438769,4.237335742
3.428823124,4.456720095
7.896327422,8.924224397
-14.14397088,-20.02382918
3.611750194,4.639647161
5.700747762,6.728644737
3.812483796,4.840380765
-15.88856367,-21.76842197
3.727704991,4.755601966
3.4667846,4.494681574
4.087205848,5.115102823
3.790292734,4.818189708
4.426561258,5.454458232
4.790558317,5.818455291
4.110884319,5.138781293
3.587908186,4.615805159
4.560684585,5.588581559
2.183354124,3.211251098
4.891242224,5.919139198
4.719933183,5.747830158
4.55665146,5.584548435
4.598860291,5.626757265
3.781372177,4.809269152
3.572030057,4.599927031
3.545680802,4.573577776
3.256686406,4.28458338
4.036943953,5.064840928
3.27194191,4.299838885
2.852461893,3.880358865
3.153036681,4.180933656
3.358026053,4.385923027
4.509606444,5.537503418
3.659057199,4.686954173
3.580138814,4.608035788
2.990872971,4.018769944
2.362606607,3.39050358
1.030243693,2.058140657
0.170405036,1.198301985
2.477226134,3.505123107
2.410494434,3.438391406
1.248187241,2.276084207
3.288954229,4.316851203
2.062610075,3.090507046
3.437351415,4.465248389
3.707463485,4.735360459
3.258892054,4.286789028
3.263768234,4.291665209
2.972304331,4.000201305
3.339586972,4.367483947
3.33643062,4.364327593
1.600050668,2.627947627
5.418114578,6.446011552
2.787661955,3.815558927
3.278770597,4.306667572
3.482011068,4.509908043
3.755049884,4.782946859
3.782422892,4.810319867
3.851325192,4.879222167
5.090884062,6.118781037
4.90053785,5.928434825
4.563614285,5.59151126
3.501264102,4.529161076
3.922482272,4.950379246
4.000525031,5.028422005
2.448460348,3.476357322
3.336387588,4.364284562
2.639289969,3.667186941
3.680264152,4.708161125
1.924460773,2.952357743
1.908034633,2.935931597
2.828425549,3.856322521
3.646810972,4.674707945
3.470392728,4.4982897
3.071861536,4.099758507
1.364100874,2.39199783
3.405803265,4.433700239
3.331666838,4.359563812
2.611223111,3.639120084
2.937726842,3.965623816
2.531761279,3.559658251
2.719141172,3.747038141
4.913991162,5.941888137
2.14587577,3.173772735
-15.7205411,-21.6003994
2.015513348,3.04341031
10.38081882,11.40871579
-14.81851482,-20.69837312
-15.41126777,-21.29112607
-16.04057897,-21.92043727
4.013939974,5.041836948
4.464901821,5.492798795
2.386586211,3.414483179
4.358088182,5.385985156
4.174371729,5.202268703
0.357028585,1.38492549
-15.64152239,-21.52138069
13.98601064,15.01390762
4.548775525,5.576672418
4.729032891,5.756929861
-14.65300889,-20.53286719
-14.47043745,-20.35029574
-16.19609303,-22.07595133
1.340634413,2.368531343
2.877081318,3.904978284
3.062080157,4.089977127
2.208975054,3.236872019
2.930773885,3.958670853
3.622393992,4.650290966
1.233547297,2.261444243
1.694907343,2.722804276
4.645436811,5.673333785
2.710566209,3.738463179
-15.42468322,-21.30454152
5.044341055,6.072238027
4.925305068,5.953202041
2.378923202,3.406820176
2.189236708,3.217133679
1.576816581,2.604713455
-13.12845183,-19.0083101
4.717526456,5.745423424
5.761485974,6.789382949
2.225851375,3.253748342
2.736523328,3.764420299
5.886797613,6.914694588
4.008765022,5.036661994
4.961222765,5.989119739
1.069285453,2.09718237
7.305958525,8.3338555
2.669219042,3.697116011
-15.99014375,-21.87000206
4.186181998,5.214078966
-15.51270345,-21.39256175
3.942237278,4.970134248
1.920465916,2.948362863
2.036265087,3.064162054
-15.97024144,-21.85009974
3.713354602,4.741251575
2.251123556,3.279020489
12.32292425,13.35082123
-15.22792273,-21.10778104
2.364473791,3.392370732
14.31884131,15.34673829
10.83825393,11.86615091
12.24645869,13.27435566
-14.74241351,-20.62227181
7.019817979,8.047714954
5.711580507,6.739477471
1.611720303,2.639617245
1.284704309,2.312601248
2.678567006,3.706463939
2.603019398,3.630916365
8.451767585,9.479664561
1.701121742,2.729018696
1.266202555,2.294099526
0.6996522,1.727549165
2.215540968,3.243437939
3.073356156,4.101253128
4.10150851,5.129405484
2.216047215,3.243944156
15.60616741,16.63406439
5.739737833,6.767634808
3.707031784,4.734928742
1.309886971,2.337783917
6.714020958,7.741917933
-14.20341219,-20.08327049
-14.81172816,-20.69158645
7.991622714,9.019519688
-16.76428069,-22.64413899
-0.646229261,0.381667667
2.318647287,3.346544255
1.184752812,2.212649777
9.683019832,10.71091681
-16.11751011,-21.99736841
2.134676575,3.162573545
-0.125117397,0.902779558
2.523689776,3.551586748
3.344198699,4.372095673
1.286572736,2.314469707
2.032626723,3.060523688
2.643519081,3.671416049
3.284955102,4.312852072
6.50448056,7.532377535
7.086670886,8.114567861
2.6907177,3.718614671
2.903457889,3.931354858
3.851272088,4.879169062
2.385502061,3.413399032
2.792608288,3.820505245
3.424031862,4.451928835
1.655280803,2.683177748
1.342442993,2.37033994
2.293690123,3.321587097
4.752176803,5.780073777
9.443867969,10.47176494
5.42346469,6.451361665
6.342280507,7.370177482
11.66228036,12.69017733
16.10852112,17.1364181
-14.65540245,-20.53526075
5.599679502,6.627576477
5.092783305,6.120680279
10.07897608,11.10687306
-16.20237623,-22.08223453
2.093457823,3.121354723
11.17331107,12.20120805
10.14947527,11.17737224
3.297095108,4.324992057
-14.82245616,-20.70231446
3.953291521,4.981188495
-0.917942089,0.109954761
-16.71628022,-22.59613852
2.823521692,3.851418663
3.792612905,4.820509879
4.198805016,5.22670199
4.411800382,5.439697356
3.902665665,4.93056264
1.454733494,2.482630464
4.071595781,5.099492755
3.863311464,4.891208438
2.73451223,3.762409204
3.236401501,4.264298476
3.521242133,4.549139108
2.171239149,3.199136123
2.984979616,4.01287659
3.808856693,4.836753668
2.932092142,3.959989116
3.323588435,4.351485409
2.333153352,3.361050326
1.629648633,2.657545585
4.283257327,5.311154302
4.481590624,5.509487598
3.76519108,4.793088054
4.224430375,5.25232735
3.938975318,4.966872292
2.093401537,3.121298502
3.742239837,4.770136811
3.077054828,4.104951801
-17.39787315,-23.27773145
3.316145054,4.344042027
4.085423495,5.113320469
5.523690198,6.551587173
6.660772599,7.688669574
6.631914125,7.6598111
4.93304037,5.960937345
2.691985352,3.719882323
2.249240806,3.27713778
1.70373415,2.731631123
3.084798517,4.112695491
2.693810574,3.721707548
2.306485601,3.334382574
3.557099497,4.584996471
3.252056686,4.27995366
2.971024551,3.998921525
3.177457752,4.205354725
3.162130998,4.190027971
3.806604955,4.834501929
4.033878134,5.061775108
4.435490069,5.463387043
3.956560334,4.984457308
3.144829213,4.172726187
4.216938289,5.244835264
-14.90367904,-20.78353734
3.702750999,4.730647966
3.192102544,4.219999515
1.78611796,2.814014885
1.736236757,2.764133723
1.459313452,2.487210404
4.344803611,5.372700584
6.091019497,7.118916472
3.815357115,4.843254088
3.154712661,4.18260963
4.662031327,5.689928301
5.03288224,6.060779214
4.304001361,5.331898334
2.687404232,3.715301191
4.542544859,5.570441833
2.542030253,3.569927219
2.458065367,3.485962334
4.432691392,5.460588366
2.500848724,3.528745688
3.093569644,4.121466615
1.663141298,2.691038248
2.396858991,3.424755965
1.346346492,2.374243457
-14.87417542,-20.75403372
2.899948583,3.92784555
4.063610482,5.091507456
4.310459502,5.338356476
2.455954411,3.48385138
2.523536726,3.551433701
2.219323402,3.247220367
-16.13061959,-22.01047789
4.497679572,5.525576546
4.426559346,5.45445632
5.284890243,6.312787218
3.780121581,4.808018552
5.595786788,6.623683763
-15.4356061,-21.3154644
4.07568095,5.103577924
8.142032742,9.169929717
2.10557978,3.133476732
-15.56914885,-21.44900715
4.867899017,5.895795992
2.446005874,3.473902848
0.849250815,1.87714774
