"","area","prop_rents","median_value"
"1",101110,0.4944649,152300
"2",101120,0.144528,240000
"3",101210,0.8834209,137800
"4",101220,0.6211129,143500
"5",101300,0.1478495,229400
"6",101400,0.267192,220400
"7",102101,0.2855848,263700
"8",102102,0.2021008,199600
"9",103101,0.1378936,201800
"10",103102,0.2961783,161700
"11",103200,0.3650953,212600
"12",103400,0.3611226,183100
"13",104103,0.1306018,160900
"14",104104,0.1523916,159100
"15",104105,0.4918155,129900
"16",104106,0.5410108,156500
"17",104201,0.2684642,137600
"18",104202,0.3897707,148600
"19",104310,0.2556391,143500
"20",104320,0.464315,138900
"21",104401,0.3220141,144900
"22",104402,0.4616182,140500
"23",104500,0.3528162,142800
"24",104610,0.5338646,136100
"25",104620,0.2918518,137100
"26",104701,0.7696827,135300
"27",104702,0.4229589,141000
"28",104810,0.3162879,134000
"29",104820,0.6004804,154200
"30",106010,0.2944785,200600
"31",106020,0.2407045,173400
"32",106111,0.1084543,180100
"33",106112,0.1713316,158600
"34",106113,0.1888466,164200
"35",106114,0.5221675,125500
"36",106402,0.2181734,181100
"37",106403,0.2147316,151000
"38",106404,0.6772403,103300
"39",106510,0.2384378,242700
"40",106520,0.1985507,152500
"41",106602,0.1202241,280000
"42",106603,0.0667362,343900
"43",106604,0.4028716,177700
"44",106605,0.2926652,174200
"45",106641,0.1141375,295000
"46",106642,0.0593561,270100
"47",106643,0.048288,473000
"48",107010,0.2229008,153100
"49",107020,0.3017876,150300
"50",108101,0.1024328,310400
"51",108102,0.0949721,337100
"52",108103,0.0618557,446600
"53",108104,0.065371,338100
"54",108200,0.0842697,360700
"55",109100,0.2307692,178800
"56",109200,0.1463415,196600
"57",109300,0.1587444,182200
"58",109400,0.2060786,168800
"59",109500,0.3452915,145900
"60",109601,0.1183036,181700
"61",109602,0.2672673,182800
"62",109700,0.2141296,189900
"63",109800,0.3024691,186200
"64",111100,0.1698337,196300
"65",111201,0.0910224,256300
"66",111202,0.343949,211400
"67",111203,0.1138247,272200
"68",111204,0.0504945,371500
"69",111301,0.6288078,212700
"70",111302,0.4824976,263300
"71",111400,0.5425406,220300
"72",113100,0.0737787,360300
"73",113202,0.2418926,294000
"74",113211,0.1292825,218700
"75",113212,0.3420561,234500
"76",113213,0.3918919,233800
"77",113232,0.1142644,293200
"78",113233,0.7170818,190400
"79",113234,0.5455163,203700
"80",113303,0.132321,230800
"81",113321,0.7281006,162200
"82",113322,0.1069837,278100
"83",113401,0.2401235,194900
"84",113421,0.7713568,187500
"85",113422,0.4858223,182800
"86",115101,0.0665468,405900
"87",115102,0.6622163,308900
"88",115201,0.7205882,249900
"89",115202,0.5888352,199500
"90",115301,0.2778153,304200
"91",115302,0.6959526,190200
"92",115401,0.6073775,305700
"93",115402,0.6378466,195300
"94",117100,0.3247536,176100
"95",117200,0.4087464,218500
"96",117301,0.1101068,210800
"97",117302,0.2470657,243600
"98",117303,0.1344032,207200
"99",117404,0.2364493,219500
"100",117405,0.9107856,97900
"101",117406,0.9130692,170800
"102",117510,0.8378631,123500
"103",117520,0.823804,162800
"104",117530,0.7268878,105700
"105",119000,0.1642547,153300
"106",119100,0.2461538,139800
"107",119200,0.3942918,157900
"108",119310,0.3372503,99200
"109",119320,0.7288694,153100
"110",119330,0.5580264,115400
"111",119340,0.8038251,149400
"112",119400,0.1192661,152700
"113",119700,0.1272878,163100
"114",119800,0.2001445,154900
"115",119900,0.2637157,153000
"116",120010,0.5351288,140800
"117",120020,0.773842,161200
"118",120101,0.8607229,160100
"119",120102,0.8248487,113900
"120",120300,0.3084649,145800
"121",120400,0.5790993,169100
"122",121010,0.28125,165600
"123",121020,0.4326531,157300
"124",121100,0.3039935,155000
"125",121210,0.5390625,156400
"126",121220,0.2879121,157100
"127",121600,0.1290323,186200
"128",121800,0.5183098,153600
"129",121900,0.391182,161700
"130",122000,0.2647672,179600
"131",122110,0.6707224,137100
"132",122120,0.4011407,153300
"133",122200,0.5448937,145200
"134",122410,0.9029779,159300
"135",122420,0.6278713,160800
"136",123010,0.6301507,148100
"137",123020,0.3785617,143100
"138",123103,0.6227586,151300
"139",123104,0.7325581,173100
"140",123203,0.824186,157000
"141",123204,0.843292,186700
"142",123205,0.7722908,161900
"143",123206,0.7660292,149600
"144",123301,0.537062,170300
"145",123303,0.6512936,167300
"146",123304,0.7150537,185300
"147",123410,0.7438541,174800
"148",123420,0.628752,170200
"149",123510,0.6920943,231600
"150",123520,0.6769912,202500
"151",123601,0.5892162,232200
"152",123602,0.5539178,250000
"153",123700,0.4695534,184600
"154",123800,0.6408451,256900
"155",123900,0.6107931,193500
"156",124000,0.4828109,366700
"157",124101,0.796521,153400
"158",124102,0.7788141,207900
"159",124201,0.4578097,165400
"160",124202,0.7783754,142900
"161",124300,0.671307,167400
"162",124400,0.5505142,285300
"163",124500,0.4965517,300000
"164",124600,0.4746269,321000
"165",124700,0.5089369,364600
"166",124901,0.8708278,224300
"167",125100,0.7424029,323500
"168",125200,0.677556,281800
"169",125310,0.712297,186900
"170",125320,0.9483541,130300
"171",125400,0.8730926,274300
"172",125500,0.7875363,271700
"173",125600,0.4467532,379200
"174",127101,0.6944072,179500
"175",127102,0.6634616,180400
"176",127210,0.7176005,171000
"177",127220,0.7463813,164900
"178",127300,0.7210374,178700
"179",127400,0.7070313,171700
"180",127510,0.5339039,171800
"181",127601,0.8326633,222900
"182",127602,0.7619287,173200
"183",127710,0.7088107,233200
"184",127801,0.7397959,172500
"185",127802,0.7475862,183000
"186",127910,0.8276567,182100
"187",127920,0.6284585,183900
"188",128100,0.7059292,190000
"189",128210,0.9538568,122800
"190",128220,0.6965047,201600
"191",128302,0.7955927,141800
"192",128303,0.9118738,112500
"193",128400,0.5104603,212000
"194",128500,0.6377467,261900
"195",128600,0.6181521,278300
"196",128702,0.65,304700
"197",128800,0.6972191,269400
"198",128910,0.5609756,273700
"199",131010,0.7294485,207800
"200",131020,0.4752282,162800
"201",131100,0.1803435,179300
"202",131200,0.2098881,184500
"203",131300,0.2194719,169300
"204",131400,0.4591121,166300
"205",131600,0.2470845,175800
"206",131700,0.5118694,158100
"207",131800,0.5203366,166800
"208",131900,0.2304251,167100
"209",132000,0.3019213,191100
"210",132100,0.5042564,180300
"211",132300,0.6264648,167500
"212",132500,0.4942675,149400
"213",132700,0.4517696,180200
"214",132900,0.3776388,225900
"215",133000,0.2564544,160000
"216",133100,0.5009074,201700
"217",134000,0.5624665,168000
"218",134101,0.3206052,211900
"219",134103,0.3302892,191700
"220",134104,0.5525451,254500
"221",134201,0.2859604,191100
"222",134302,0.1480879,216500
"223",134303,0.2604736,186400
"224",134304,0.2232893,215700
"225",134306,0.7829861,188200
"226",134401,0.075481,370500
"227",134421,0.0481752,331300
"228",134422,0.1269943,261800
"229",134510,0.8290889,153200
"230",134520,0.8318318,115700
"231",134710,0.760998,182900
"232",134720,0.5218216,174800
"233",134800,0.2091232,176600
"234",134901,0.3533507,220300
"235",134902,0.708842,191100
"236",135102,0.1556522,244800
"237",135111,0.3952673,216900
"238",135112,0.8164117,203500
"239",135201,0.1695332,248500
"240",135202,0.1649763,234100
"241",135203,0.1197068,255000
"242",137000,0.1242533,362000
"243",137102,0.5538818,284400
"244",137201,0.5334755,279500
"245",137301,0.083225,374200
"246",137302,0.0486111,384300
"247",137401,0.2241096,321600
"248",137402,0.1897773,370100
"249",137501,0.5741895,559500
"250",137502,0.2869512,272900
"251",137504,0.0099432,598900
"252",138000,0.1215909,358300
"253",139000,0.5105215,216200
"254",139200,0.5290381,197300
"255",139301,0.1617843,300700
"256",139302,0.7321803,133600
"257",139303,0.7093023,161900
"258",139400,0.4581088,540300
"259",139501,0.6773828,250000
"260",139502,0.3792531,271200
"261",139600,0.3757576,731600
"262",139701,0.1248594,475200
"263",139702,0.0380952,648200
"264",139703,0.0393852,739800
"265",139801,0.0433754,621600
"266",139802,0.0342679,630500
"267",141100,0.7317158,388200
"268",141200,0.7124438,414100
"269",141301,0.6928361,406300
"270",141302,0.7180477,347400
"271",141400,0.4030837,464300
"272",141600,0.0628366,579100
"273",141700,0.0530303,592300
"274",143100,0.6427851,492700
"275",143200,0.7899702,417400
"276",143300,0.632313,367600
"277",143400,0.5581396,397000
"278",143500,0.5240113,408600
"279",143601,0.8593094,350500
"280",143602,0.5374046,297500
"281",143700,0.2724268,462200
"282",143800,0.3778822,548100
"283",143901,0.1359756,595200
"284",143902,0.4220963,602600
"285",181000,0.2465947,254800
"286",181300,0.3125,241500
"287",181400,0.6760744,189900
"288",181500,0.3184231,187900
"289",181600,0.5789474,200000
"290",183101,0.4205534,156800
"291",183102,0.6251788,208400
"292",183210,0.5276573,173600
"293",183220,0.5956332,141700
"294",183300,0.4128843,150900
"295",183400,0.5647156,161800
"296",183510,0.369357,144400
"297",183520,0.7308057,152300
"298",183610,0.7646443,139500
"299",183620,0.5953347,175300
"300",183700,0.6724624,167800
"301",183810,0.8610442,156000
"302",183820,0.8318496,145300
"303",185100,0.4127854,209700
"304",185201,0.431833,182900
"305",185202,0.490008,188300
"306",185310,0.5945612,160800
"307",185320,0.6206089,165200
"308",186100,0.3882023,188400
"309",186200,0.4957657,185600
"310",186300,0.4143731,189900
"311",186401,0.862441,133800
"312",186402,0.6371134,172100
"313",187100,0.5820447,192500
"314",187200,0.55125,154500
"315",187300,0.5940594,262900
"316",188100,0.7520278,195000
"317",188200,0.682007,518000
"318",188300,0.4240232,218200
"319",189100,0.7930932,379400
"320",189200,0.7592198,556500
"321",189300,0.1367852,660100
"322",189400,0.4964072,456100
"323",189500,0.8497317,393100
"324",189600,0.6617944,451600
"325",189701,0.4766497,573300
"326",189702,0.5505415,602300
"327",189800,0.6968085,536800
"328",189901,0.8770838,418400
"329",189902,0.9715128,203100
"330",190100,0.9658949,429600
"331",190200,0.993009,350000
"332",190301,0.956044,238600
"333",190520,0.9373826,243200
"334",190700,0.9292222,176900
"335",190800,0.9386503,188800
"336",190901,0.9458918,194200
"337",190902,0.9331652,183000
"338",191000,0.9576271,225000
"339",191110,0.9577115,173300
"340",191120,0.9144317,242700
"341",191201,0.9418472,236100
"342",191203,0.9647718,229700
"343",191204,0.8518519,227700
"344",191300,0.890425,219300
"345",191410,0.9649123,115900
"346",191420,0.9510917,221900
"347",191500,0.8427371,205600
"348",191610,0.9033585,241700
"349",191620,0.8764045,206100
"350",191710,0.907496,198500
"351",191720,0.9233017,182500
"352",191820,0.9636217,187500
"353",191900,0.7806216,347900
"354",192000,0.6593572,342600
"355",192300,0.6214383,440200
"356",192410,0.6586511,358300
"357",192420,0.836237,186700
"358",192510,0.8187391,175900
"359",192520,0.9136253,185300
"360",192610,0.91732,142600
"361",192620,0.9477379,165600
"362",192700,0.8707608,158700
"363",194100,0.4454032,732000
"364",194200,0.4148501,622000
"365",194300,0.1613546,1000001
"366",194400,0.7793943,398200
"367",194500,0.4979633,435900
"368",195100,0.340251,434400
"369",195200,0.6219831,369400
"370",195300,0.7907284,233600
"371",195400,0.6011904,335900
"372",195500,0.605415,283200
"373",195600,0.6987448,181400
"374",195710,0.8569219,177100
"375",195720,0.8234086,180100
"376",195801,0.79372,186400
"377",195802,0.7830508,181300
"378",195900,0.7977528,199800
"379",197110,0.5755814,190100
"380",197200,0.4993614,167800
"381",197300,0.7508982,187500
"382",197410,0.493838,207200
"383",197420,0.7407407,184700
"384",197500,0.8262477,195600
"385",197600,0.8406113,153600
"386",197700,0.8292135,155400
"387",199000,0.7589474,146200
"388",199110,0.5048276,122100
"389",199120,0.7819383,174600
"390",199201,0.860424,159400
"391",199202,0.6185185,127500
"392",199300,0.4407217,169000
"393",199400,0.7325671,150700
"394",199700,0.808952,161700
"395",199800,0.7388704,157600
"396",199900,0.8310056,162500
"397",201110,0.3949772,146700
"398",201120,0.6120871,161400
"399",201200,0.6295224,174000
"400",201301,0.5349576,159800
"401",201302,0.3444816,176700
"402",201401,0.5003965,140000
"403",201402,0.3483965,154100
"404",201501,0.5810019,160100
"405",201503,0.6484716,138400
"406",201504,0.5634782,142400
"407",201600,0.4101839,155200
"408",201700,0.5285923,147200
"409",203100,0.8729038,150300
"410",203200,0.6927561,129500
"411",203300,0.8606965,108300
"412",203500,0.8203055,160100
"413",203600,0.7807487,149500
"414",203710,0.74125,177200
"415",203720,0.7938719,143600
"416",203800,0.6066725,140600
"417",203900,0.5748588,148400
"418",204110,0.6762861,139300
"419",204120,0.6512668,157600
"420",204200,0.8550724,168500
"421",204300,0.7432118,143500
"422",204410,0.8507463,166600
"423",204420,0.9115129,166700
"424",204600,0.7789679,148500
"425",204700,0.5884843,156900
"426",204810,0.6050584,157300
"427",204820,0.5435992,168300
"428",204910,0.7018716,159700
"429",204920,0.5220228,149400
"430",205120,0.8985823,137500
"431",206010,0.9244444,142900
"432",206030,0.9157088,314300
"433",206040,0.9310345,143100
"434",206050,0.9275731,350000
"435",206200,0.9003466,350000
"436",206300,0.9910256,97800
"437",207100,0.9374717,137200
"438",207300,0.9848635,187500
"439",207500,0.8849916,875000
"440",207900,0.8449946,636400
"441",208000,0.9090082,152400
"442",208300,0.9371782,164300
"443",208400,0.9251126,149700
"444",208500,0.9215891,212500
"445",208610,0.8535354,182000
"446",208620,0.9005392,195500
"447",208720,0.9875622,253100
"448",208800,0.9761904,170800
"449",209300,0.9732472,225000
"450",209520,0.9472595,200000
"451",209810,0.9842632,162500
"452",209820,0.9184713,159100
"453",210010,0.8357016,79300
"454",211000,0.177305,715300
"455",211110,0.957409,235300
"456",211200,0.9482844,128600
"457",211310,0.9846978,162500
"458",211410,0.9070352,273100
"459",211420,0.8086957,265400
"460",211500,0.6374502,537300
"461",211701,0.7171001,577800
"462",211702,0.9283462,420000
"463",211801,0.9508575,356300
"464",211802,0.9486405,410000
"465",212100,0.9376234,151800
"466",212420,0.9568465,232500
"467",212500,0.9687204,9999
"468",212610,0.8932361,288200
"469",212620,0.9241146,413600
"470",212700,0.5692851,369100
"471",212800,0.6331939,194000
"472",212900,0.9092728,266700
"473",213100,0.6851852,285100
"474",213201,0.901419,207900
"475",213202,0.8396761,162200
"476",213310,0.8748867,161900
"477",213320,0.8859738,175000
"478",213402,0.9602203,29600
"479",214000,0.4530103,493700
"480",214100,0.5656914,735700
"481",214400,0.9597506,875000
"482",214500,0.9890686,310500
"483",214600,0.7342857,440200
"484",214700,0.6063241,494600
"485",214800,0.7628651,525800
"486",214900,0.8338344,413600
"487",216100,0.4789523,358200
"488",216200,0.7079812,367200
"489",216300,0.6303884,451600
"490",216400,0.8619392,270300
"491",216700,0.6479217,290700
"492",216800,0.6535032,496100
"493",216900,0.6284441,261500
"494",217000,0.7019395,348200
"495",217100,0.7285542,221200
"496",217200,0.709943,265000
"497",218110,0.7349608,245500
"498",218120,0.8540091,244600
"499",218210,0.8074266,176700
"500",218220,0.6871904,263600
"501",218300,0.7010569,168600
"502",218400,0.6768258,164000
"503",218500,0.6266541,151500
"504",218600,0.6451128,156300
"505",218700,0.6984012,207800
"506",218800,0.7750557,188900
"507",218900,0.8418418,207300
"508",219010,0.4238411,154300
"509",219020,0.517321,153800
"510",219300,0.7418622,143400
"511",219500,0.2647462,183500
"512",219700,0.4953464,147800
"513",219800,0.7418671,142800
"514",219900,0.5765275,135600
"515",220000,0.6403326,153100
"516",220100,0.5389221,214200
"517",221110,0.9248335,187500
"518",221120,0.8596491,154700
"519",221210,0.7355474,186100
"520",221220,0.8626692,155700
"521",221301,0.9171396,258900
"522",221302,0.8630452,255400
"523",221400,0.8335412,256500
"524",221500,0.8577431,175500
"525",221600,0.7875,173900
"526",221710,0.8531519,181300
"527",221810,0.8842105,158900
"528",221820,0.9810017,198200
"529",221900,0.9183813,155600
"530",222000,0.5522673,153400
"531",222100,0.6749539,163100
"532",222200,0.7732407,184900
"533",222500,0.6468189,150600
"534",222600,0.7809944,159500
"535",224020,0.9025974,135600
"536",224200,0.9112903,164100
"537",224310,0.9111842,152800
"538",224320,0.9464105,215700
"539",224410,0.8941399,183800
"540",224420,0.9129794,189400
"541",224600,0.8766007,157500
"542",226000,0.8775665,174800
"543",226410,0.8502415,177500
"544",226420,0.7862191,147600
"545",226700,0.7312073,146700
"546",227010,0.7637178,185100
"547",227020,0.7253521,162200
"548",228100,0.6460446,128500
"549",228210,0.652349,131300
"550",228220,0.6778607,122600
"551",228310,0.7509881,145200
"552",228320,0.7525473,121500
"553",228410,0.7530289,137900
"554",228420,0.7848101,141400
"555",228500,0.7147239,134200
"556",228600,0.7533981,137600
"557",228710,0.7130045,137700
"558",228720,0.6972789,127200
"559",228800,0.7247387,138900
"560",228900,0.825779,139600
"561",229100,0.5923719,137600
"562",229200,0.7411874,134500
"563",229300,0.8037543,160300
"564",229410,0.6875,144000
"565",229420,0.6402062,131700
"566",231100,0.9581006,145800
"567",231210,0.8026052,143800
"568",231220,0.8490566,141600
"569",231300,0.6536439,156100
"570",231400,0.6195489,150700
"571",231500,0.3510802,145400
"572",231600,0.6704484,154900
"573",231710,0.937667,162500
"574",231720,0.7677936,146800
"575",231800,0.8179973,147800
"576",231900,0.7352737,156000
"577",232110,0.6993548,115900
"578",232120,0.7729211,154600
"579",232200,0.5909091,152500
"580",232300,0.4442308,143900
"581",232400,0.5290603,150500
"582",232500,0.6062931,136900
"583",232600,0.5624595,138400
"584",232700,0.6624365,135800
"585",232800,0.6853824,137800
"586",234000,0.3378876,185500
"587",234200,0.3503717,194100
"588",234500,0.5286929,144900
"589",234600,0.3796895,151200
"590",234700,0.5301915,143100
"591",234800,0.3541867,132100
"592",234900,0.8717512,148000
"593",235100,0.2643812,176100
"594",235201,0.3538961,155400
"595",235202,0.6903766,169400
"596",236000,0.218252,242700
"597",236100,0.8446834,188900
"598",236201,0.992281,95000
"599",236400,0.4644601,317000
"600",237100,0.6576213,141600
"601",237200,0.5074716,137800
"602",237300,0.4368564,135600
"603",237400,0.428506,130400
"604",237500,0.783397,140700
"605",237600,0.6900468,131700
"606",237710,0.8026549,144800
"607",237720,0.8093525,138000
"608",237800,0.3781706,139100
"609",237900,0.3073899,156700
"610",238000,0.3279727,157700
"611",238100,0.4644172,159700
"612",238200,0.5830116,145700
"613",238310,0.8793604,161300
"614",238320,0.8555363,138700
"615",238400,0.2531395,158300
"616",239200,0.6587144,142500
"617",239310,0.6702955,169900
"618",239320,0.5637982,164900
"619",239330,0.6089031,143100
"620",239500,0.5817832,133200
"621",239600,0.6988048,135500
"622",239700,0.6692147,131300
"623",239800,0.6323149,132700
"624",240010,0.7062084,134100
"625",240020,0.5099458,131300
"626",240200,0.6199262,129300
"627",240300,0.7603414,135000
"628",240400,0.621389,131500
"629",240500,0.6370656,125200
"630",240600,0.5813743,129100
"631",240700,0.4096978,125500
"632",240800,0.5577731,133700
"633",240900,0.4892221,129100
"634",241000,0.4974522,137200
"635",241110,0.6468023,143600
"636",241120,0.6795338,140200
"637",241200,0.3777322,140900
"638",241300,0.572759,154200
"639",241400,0.6046512,125400
"640",242000,0.6200717,131300
"641",242200,0.6279435,132000
"642",242300,0.707027,107300
"643",242600,0.9261411,118800
"644",242700,0.542065,117800
"645",243000,0.4462222,117600
"646",243100,0.6892502,125800
"647",261101,0.1001737,695800
"648",261102,0.0756403,955400
"649",261200,0.1233259,680800
"650",262200,0.1884701,1000001
"651",262302,0.205298,1000001
"652",262303,0.069398,1000001
"653",262500,0.1180992,785100
"654",262601,0.1132225,666300
"655",262602,0.163522,906100
"656",262800,0.1463731,1000001
"657",264000,0.1462481,1000001
"658",264101,0.7259055,845700
"659",264301,0.865411,342500
"660",264302,0.6323529,633000
"661",265100,0.2423986,1000001
"662",265200,0.4494382,1000001
"663",265301,0.8571429,236400
"664",265410,0.3452012,672600
"665",265420,0.2089356,854100
"666",265510,0.8303419,701500
"667",265520,0.6816579,461800
"668",265600,0.478745,634200
"669",265700,0.4980096,780600
"670",267100,0.529187,525300
"671",267200,0.6058678,517000
"672",267300,0.893923,223500
"673",267401,0.9191464,795500
"674",267402,0.876161,225000
"675",267501,0.8590711,326000
"676",267502,0.8030593,318700
"677",267600,0.5754796,284900
"678",267700,0.7366197,323500
"679",267800,0.2808889,438400
"680",267900,0.3473444,569600
"681",269000,0.3878935,656400
"682",269100,0.6405901,501600
"683",269300,0.3004484,631700
"684",269500,0.0527412,583800
"685",269600,0.8576727,278400
"686",269700,0.5845028,268300
"687",269800,0.7874837,324400
"688",269901,0.9514659,231900
"689",269902,0.9623242,196900
"690",270100,0.916,263500
"691",270200,0.6533181,216100
"692",270300,0.524522,213700
"693",271100,0.507371,349700
"694",271200,0.6493506,318800
"695",271300,0.5036179,326000
"696",271400,0.1233383,376200
"697",271500,0.4212454,445800
"698",271600,0.5121317,520200
"699",271701,0.7534919,365000
"700",271702,0.7985961,393300
"701",271801,0.8510055,280800
"702",271802,0.8722368,242900
"703",271900,0.6082513,362600
"704",272100,0.4045759,356300
"705",272200,0.8076634,283000
"706",272301,0.6396791,348100
"707",272302,0.8861789,329800
"708",273100,0.624,341100
"709",273200,0.7718563,266400
"710",273300,0.8312312,382500
"711",273400,0.8450267,613200
"712",273500,0.8667012,325600
"713",273700,0.4633174,354300
"714",273800,0.7083591,375800
"715",273900,0.6314225,461700
"716",274100,0.6840092,393300
"717",274200,0.5112291,972700
"718",275100,0.6655879,256800
"719",275200,0.8042296,237100
"720",275302,0.2419962,325300
"721",275311,0.5189066,295400
"722",275400,0.4780335,281400
"723",275510,0.52,227400
"724",275520,0.9213313,131300
"725",275601,0.4515901,263000
"726",276000,0.1990072,345100
"727",276100,0.812972,281700
"728",276400,0.1491677,371200
"729",276500,0.3114094,361400
"730",276602,0.5689542,329900
"731",277000,0.1843083,395600
"732",277100,0.1442831,271300
"733",277200,0.9146667,137500
"734",277400,0.8880753,252200
"735",278100,0.5516543,583700
"736",291110,0.6538461,197200
"737",291120,0.6862069,152300
"738",291130,0.2747369,147400
"739",291210,0.5300279,164300
"740",291220,0.5440252,185200
"741",291300,0.2179752,192600
"742",292000,0.6971678,182700
"743",293201,0.6561022,174500
"744",293202,0.8379331,174000
"745",293301,0.2636625,232000
"746",293302,0.3991292,214600
"747",293304,0.7334326,182400
"748",293305,0.510241,229100
"749",294110,0.3935361,160700
"750",294120,0.4803738,117600
"751",294200,0.3959678,172600
"752",294300,0.4623431,161600
"753",294410,0.6340395,149100
"754",294420,0.6968326,158000
"755",294510,0.6494645,171300
"756",294520,0.6890951,160300
"757",294610,0.6641721,188400
"758",294620,0.5134298,153900
"759",294700,0.8522848,148500
"760",294810,0.8636836,138800
"761",294820,0.8914819,133000
"762",294830,0.694075,152500
"763",294900,0.7496933,144900
"764",295101,0.1994092,248500
"765",296210,0.7665848,161000
"766",296220,0.9539952,145800
"767",296300,0.3889798,297500
"768",296400,0.2302219,265400
"769",296500,0.6176233,190500
"770",296600,0.7665929,153400
"771",296900,0.8011364,204800
"772",297000,0.4244916,303100
"773",297110,0.8428781,164500
"774",297120,0.7404103,181700
"775",297200,0.6850296,236000
"776",297300,0.3927626,311400
"777",297500,0.3646888,327100
"778",297600,0.7303071,234500
"779",300100,0.080597,362200
"780",300200,0.2573099,285700
"781",300300,0.1535598,292000
"782",300400,0.3287671,262800
"783",300501,0.4146154,252800
"784",300502,0.6794338,263400
"785",300600,0.5056218,268000
"786",300701,0.1325357,435200
"787",300702,0.0769605,529000
"788",300800,0.4534139,366900
"789",300901,0.0907449,443500
"790",300902,0.1051931,341800
"791",301000,0.6073589,342200
"792",301100,0.5210368,356500
"793",301202,0.5221971,312800
"794",301203,0.571047,323600
"795",301204,0.8768499,187500
"796",301300,0.0207756,509200
"797",301400,0.0949464,352000
"798",301501,0.170778,323700
"799",301502,0.8489122,220400
"800",301601,0.8522678,211700
"801",301602,0.6810611,230100
"802",301701,0.530541,247100
"803",301702,0.7715281,205400
"804",301800,0.7864202,213200
"805",301900,0.6629249,269800
"806",302001,0.8694517,183100
"807",302002,0.75,266700
"808",302102,0.6437476,237700
"809",302103,0.8409543,183900
"810",302104,0.8389831,167800
"811",302201,0.9293553,232300
"812",302202,0.8935618,224200
"813",302301,0.7487352,196600
"814",302302,0.9100474,225000
"815",302400,0.8548926,211300
"816",302501,0.8766701,168900
"817",302502,0.8281869,234200
"818",310100,0.0522774,380000
"819",310200,0.5510422,319400
"820",310300,0.059434,334300
"821",310400,0.4,253300
"822",310500,0.8060662,181100
"823",310600,0.693435,248300
"824",310701,0.9105023,149300
"825",310702,0.9182181,201000
"826",310703,0.8512195,275000
"827",310800,0.5343889,251500
"828",310900,0.3473601,229600
"829",311000,0.4097561,219700
"830",311100,0.2611558,213800
"831",311200,0.4350548,220000
"832",311300,0.3295979,232400
"833",311400,0.3217923,257000
"834",311500,0.5374431,254200
"835",311600,0.7342065,252900
"836",311700,0.4855556,280900
"837",311800,0.8072898,230300
"838",320100,0.2945839,151100
"839",320200,0.5220472,141000
"840",320300,0.5220883,138400
"841",400203,0.1264299,265500
"842",400204,0.0283194,340800
"843",400205,0.0977444,468500
"844",400206,0.0809917,291500
"845",400302,0.2357002,219100
"846",400303,0.2105263,244700
"847",400304,0.4360842,190900
"848",400402,0.1898527,231700
"849",400500,0.0440587,448100
"850",400602,0.5078347,165900
"851",400603,0.3449116,147600
"852",400604,0.3959276,167300
"853",400800,0.3871921,205600
"854",400900,0.2448825,199400
"855",401001,0.0656371,278500
"856",401002,0.5140889,244700
"857",401101,0.5090253,210600
"858",401102,0.4969957,187500
"859",401201,0.170892,213000
"860",401202,0.1395349,190800
"861",401203,0.2258251,203800
"862",401302,0.1272366,298300
"863",401311,0.4148385,170800
"864",401312,0.1030596,206700
"865",401500,0.3254637,192800
"866",401601,0.2294521,237700
"867",401602,0.466951,177400
"868",401603,0.1993543,207700
"869",401701,0.2224824,228700
"870",401703,0.6364281,166300
"871",401704,0.4650098,137100
"872",401800,0.2085291,241300
"873",401902,0.6342487,289600
"874",402000,0.4240995,159800
"875",402101,0.2160853,130900
"876",402102,0.3251433,140400
"877",402200,0.2567686,167300
"878",402301,0.4478331,126500
"879",402302,0.6570048,113600
"880",402401,0.3,116200
"881",402402,0.5109557,121800
"882",402403,0.2578947,116700
"883",402501,0.6039689,114500
"884",402502,0.6158664,125100
"885",402600,0.5143451,140100
"886",402702,0.760721,120000
"887",402703,0.3209876,129300
"888",402704,0.1887417,134700
"889",402801,0.6421846,98500
"890",402802,0.6613789,120700
"891",402901,0.284273,127600
"892",402902,0.4883178,137600
"893",403000,0.2233748,127900
"894",403303,0.0943152,219300
"895",403304,0.1134273,302100
"896",403305,0.1191432,268400
"897",403312,0.1782554,190300
"898",403316,0.2135566,217700
"899",403317,0.0894085,232100
"900",403318,0.1345291,221500
"901",403319,0.3461774,238000
"902",403320,0.1258441,333300
"903",403321,0.1430843,232000
"904",403322,0.1474878,243100
"905",403323,0.1542258,249800
"906",403324,0.2283923,325100
"907",403325,0.0846834,235800
"908",403401,0.1589359,226700
"909",403402,0.1218014,236300
"910",403403,0.0630194,379100
"911",403404,0.0602941,322400
"912",403405,0.0402415,355100
"913",403406,0.2996346,245100
"914",403407,0.0182482,451600
"915",403408,0.0875753,274200
"916",403600,0.259447,261400
"917",403702,0.1091371,204400
"918",403703,0.1044876,222600
"919",403721,0.3315665,186700
"920",403722,0.6001131,191800
"921",403801,0.3659531,181200
"922",403802,0.4214834,179000
"923",403901,0.1760722,168200
"924",403902,0.2820839,179700
"925",404000,0.382421,160000
"926",404100,0.2810606,143400
"927",404200,0.5113579,151500
"928",404301,0.6315432,150700
"929",404302,0.3204047,138900
"930",404401,0.4329268,137600
"931",404402,0.4076717,147000
"932",404501,0.4355828,127500
"933",404502,0.5127291,138600
"934",404600,0.3143564,176700
"935",404701,0.3097561,140000
"936",404702,0.4569776,136700
"937",404703,0.5437263,140300
"938",404801,0.4750486,150400
"939",404802,0.4627607,152500
"940",404803,0.2394068,149000
"941",404901,0.3469218,158500
"942",404902,0.2263923,146700
"943",404903,0.332853,132300
"944",405001,0.2114372,143800
"945",405002,0.3349835,138100
"946",405101,0.2798605,141100
"947",405102,0.494244,135200
"948",405201,0.473251,153900
"949",405202,0.5070671,159100
"950",405203,0.2886335,157600
"951",405300,0.3967288,180900
"952",405400,0.1661211,161200
"953",405500,0.2641889,178900
"954",405600,0.2275738,185000
"955",405700,0.3830614,165400
"956",405800,0.3029571,156400
"957",405900,0.264,174800
"958",406000,0.2420424,180700
"959",406101,0.5333334,176500
"960",406102,0.7444739,188500
"961",406200,0.5510324,191500
"962",406300,0.2784431,378300
"963",406402,0.0834646,239300
"964",406411,0.2085561,173100
"965",406412,0.1691542,229900
"966",406500,0.4115679,185000
"967",406601,0.1169088,203000
"968",406602,0.2218017,185200
"969",406700,0.4334975,187200
"970",406800,0.2028443,177800
"971",406900,0.3466213,154800
"972",407001,0.2137405,150400
"973",407002,0.1693122,150800
"974",407101,0.3022296,146400
"975",407102,0.3341503,148400
"976",407200,0.2636816,143600
"977",407301,0.1636189,149700
"978",407302,0.1225296,149800
"979",407400,0.1372549,173100
"980",407500,0.3519126,154200
"981",407600,0.4736318,147400
"982",407701,0.5446355,150500
"983",407702,0.255956,145500
"984",407800,0.1456473,156600
"985",407900,0.1629576,165700
"986",408001,0.3671617,261100
"987",408002,0.2959704,169900
"988",408101,0.3734793,176900
"989",408102,0.1986682,143600
"990",408132,0.1828227,136400
"991",408133,0.5754601,204200
"992",408134,0.153938,193100
"993",408135,0.3723229,186000
"994",408202,0.5568628,188800
"995",408211,0.4644903,159100
"996",408212,0.1280389,193200
"997",408301,0.342692,153000
"998",408302,0.1545643,189900
"999",408303,0.1242345,203600
"1000",408401,0.3130288,168700
"1001",408402,0.0707468,271100
"1002",408501,0.2796143,148400
"1003",408502,0.3085664,229400
"1004",408503,0.073371,283200
"1005",408601,0.2089552,162300
"1006",408623,0.2194389,244000
"1007",408624,0.1581582,230300
"1008",408625,0.1414523,253800
"1009",408626,0.4481547,347800
"1010",408627,0.0805585,275900
"1011",408628,0.3577698,278000
"1012",408629,0.0797414,245800
"1013",408703,0.0454305,394300
"1014",408704,0.4598612,180100
"1015",408705,0.3225397,197200
"1016",408706,0.0869565,327200
"1017",408721,0.7010582,163900
"1018",408722,0.1642512,183600
"1019",408800,0.8464318,107000
"1020",430001,0.0735198,238900
"1021",430002,0.2786959,163200
"1022",430101,0.496925,142400
"1023",430102,0.3081914,144500
"1024",430200,0.3630289,633500
"1025",430301,0.1661613,332500
"1026",430302,0.3841114,260300
"1027",430400,0.1583221,440200
"1028",430501,0.238806,387000
"1029",430502,0.4538819,353500
"1030",430600,0.0670904,552100
"1031",430701,0.321334,452400
"1032",430721,0.4171292,334500
"1033",430723,0.7062423,199300
"1034",430724,0.7078652,202200
"1035",430801,0.6608536,265000
"1036",430802,0.2188905,376000
"1037",430803,0.1940045,362100
"1038",430900,0.6620948,184200
"1039",431001,0.6948099,188600
"1040",431002,0.3737215,226200
"1041",431100,0.5798698,166900
"1042",431200,0.2200957,148500
"1043",431300,0.3559719,208300
"1044",431400,0.1843658,194300
"1045",431500,0.3540309,195700
"1046",431600,0.1728188,431100
"1047",431700,0.2530689,446900
"1048",431800,0.3473862,243500
"1049",431900,0.5182973,242400
"1050",432000,0.3273543,245000
"1051",432101,0.290566,223400
"1052",432102,0.23938,243600
"1053",432201,0.4169463,193200
"1054",432202,0.4202401,182600
"1055",432300,0.3521127,162000
"1056",432401,0.5139186,172000
"1057",432402,0.6377614,160400
"1058",432500,0.3742154,166200
"1059",432601,0.4591969,161400
"1060",432602,0.3783019,169100
"1061",432700,0.4895222,159900
"1062",432801,0.653913,147600
"1063",432802,0.8272727,165200
"1064",432901,0.5275657,195600
"1065",432902,0.3194925,181200
"1066",433100,0.5871041,155300
"1067",433200,0.6031229,155100
"1068",433301,0.7763948,143400
"1069",433302,0.6386555,153300
"1070",433303,0.5895003,137000
"1071",433401,0.6147541,160500
"1072",433402,0.7571428,163700
"1073",433403,0.8072087,151800
"1074",433501,0.693837,148600
"1075",433502,0.7480025,155400
"1076",433601,0.4063005,194300
"1077",433602,0.5316456,161800
"1078",433700,0.2785445,158500
"1079",433801,0.6458659,152100
"1080",433802,0.179289,161200
"1081",433901,0.8082644,161300
"1082",433902,0.4689579,157900
"1083",434001,0.3289738,142700
"1084",434002,0.4809256,154300
"1085",460000,0.0849673,376600
"1086",460200,0.2308068,251500
"1087",460301,0.1518826,234700
"1088",460302,0.2251309,168900
"1089",460501,0.0571737,607100
"1090",460502,0.0928962,492500
"1091",460600,0.0792277,533800
"1092",460700,0.0879518,787600
"1093",460800,0.056677,655000
"1094",460900,0.4069108,165600
"1095",461000,0.3266908,172700
"1096",461100,0.4305296,226400
"1097",461200,0.1258199,341500
"1098",461300,0.3987448,274000
"1099",461400,0.5763389,276500
"1100",461500,0.5060022,178600
"1101",461600,0.5325228,171000
"1102",461900,0.8776707,186000
"1103",462000,0.7669305,169800
"1104",462100,0.6608352,210700
"1105",462200,0.9207317,181000
"1106",462300,0.8203325,196600
"1107",462400,0.424938,275600
"1108",462500,0.3283898,278700
"1109",462600,0.2061404,338200
"1110",462700,0.6069284,246200
"1111",462800,0.5613871,273800
"1112",462900,0.1947098,257400
"1113",463000,0.1702128,380000
"1114",463101,0.3438228,226100
"1115",463102,0.2487521,393600
"1116",463200,0.4958159,313500
"1117",463300,0.3785558,351900
"1118",463400,0.6211774,310300
"1119",463500,0.6842901,396700
"1120",463600,0.778301,232600
"1121",463700,0.3136247,638700
"1122",463800,0.0691328,411100
"1123",463900,0.3826762,558600
"1124",464000,0.4279709,554700
"1125",464100,0.0742004,757200
"1126",464200,0.0970266,628000
"1127",480002,0.1641118,329200
"1128",480011,0.6054201,234700
"1129",480012,0.5038717,249700
"1130",480101,0.3782468,243400
"1131",480102,0.3648069,252900
"1132",480201,0.1273408,302700
"1133",480202,0.1079545,309400
"1134",480301,0.8267742,180400
"1135",480302,0.6356322,260200
"1136",480400,0.5772107,279500
"1137",480500,0.4467401,445000
"1138",480600,0.7344386,383800
"1139",480702,0.2859756,410700
"1140",480703,0.4089506,298100
"1141",480704,0.7018633,321800
"1142",480802,0.3869048,187400
"1143",480803,0.4273233,198900
"1144",480804,0.7257889,190500
"1145",480901,0.8045977,195100
"1146",480902,0.8065202,206100
"1147",480903,0.5096447,191700
"1148",481001,0.6902724,218300
"1149",481002,0.7056025,169800
"1150",481101,0.8329765,188600
"1151",481102,0.8951049,182500
"1152",481103,0.4455445,206800
"1153",481201,0.5869176,215000
"1154",481202,0.5149367,197100
"1155",481300,0.2803504,197900
"1156",481401,0.5789189,210500
"1157",481402,0.4682081,203900
"1158",481500,0.2758847,220800
"1159",481602,0.6706587,198900
"1160",481603,0.6480187,198200
"1161",481604,0.6895787,225500
"1162",481711,0.7988077,186200
"1163",481712,0.7163165,188000
"1164",481713,0.640788,198100
"1165",481714,0.7858796,180100
"1166",481800,0.1954148,223100
"1167",481901,0.339929,218900
"1168",481902,0.5034013,217600
"1169",482001,0.1220513,272600
"1170",482002,0.4290335,267200
"1171",482101,0.4657632,195500
"1172",482102,0.2405462,223000
"1173",482201,0.6421941,200000
"1174",482202,0.6307592,172400
"1175",482301,0.6140351,179900
"1176",482303,0.6961057,179900
"1177",482304,0.7292089,170100
"1178",482401,0.6122449,170300
"1179",482402,0.4122894,171500
"1180",482502,0.5798526,166400
"1181",482503,0.655754,182300
"1182",482521,0.2972973,164900
"1183",482522,0.3265172,197900
"1184",482600,0.2073609,230600
"1185",482701,0.4257498,194800
"1186",482702,0.1887255,196900
"1187",482800,0.2664693,204900
"1188",500100,0.0597403,430200
"1189",500201,0.0697211,279400
"1190",500202,0.1262626,435900
"1191",500300,0.1353167,327200
"1192",500401,0.1686695,173300
"1193",500402,0.5221311,156200
"1194",500500,0.2102748,140800
"1195",500600,0.3204461,158000
"1196",500700,0.2222874,172100
"1197",500800,0.2611465,170000
"1198",500900,0.4171393,164500
"1199",501000,0.2242946,171200
"1200",501200,0.3068641,184100
"1201",501300,0.3682917,197200
"1202",501400,0.6378788,159400
"1203",501503,0.7702636,231600
"1204",501504,0.8959132,240300
"1205",501600,0.2857143,320300
"1206",501700,0.2693208,243000
"1207",501801,0.8903863,162900
"1208",501802,0.5555556,209700
"1209",501900,0.1952132,171100
"1210",502001,0.3083881,179300
"1211",502002,0.4488889,164600
"1212",502100,0.3829787,166700
"1213",502200,0.2865787,166000
"1214",502301,0.2155963,161800
"1215",502302,0.6273115,160400
"1216",502401,0.2673611,173300
"1217",502402,0.2080078,166000
"1218",502500,0.4521576,155400
"1219",502601,0.1340034,164400
"1220",502602,0.4954268,175900
"1221",502700,0.2800625,160800
"1222",502800,0.3840032,179000
"1223",502901,0.1638747,165000
"1224",502902,0.5135453,167700
"1225",503000,0.5323427,164000
"1226",503101,0.4386673,166300
"1227",503102,0.3170434,157800
"1228",503201,0.10625,185400
"1229",503202,0.2994746,169600
"1230",503301,0.1567164,183700
"1231",503302,0.4713204,180800
"1232",503401,0.3206896,218300
"1233",503402,0.1909023,193000
"1234",503501,0.4135261,176700
"1235",503502,0.1859537,176500
"1236",503601,0.1488144,196600
"1237",503602,0.0710204,285200
"1238",503701,0.4232416,204600
"1239",503702,0.2846975,215500
"1240",503703,0.1588383,275100
"1241",503801,0.2666667,200600
"1242",503802,0.1506936,210700
"1243",503901,0.1030675,199900
"1244",503902,0.1460833,198400
"1245",504001,0.2915994,212000
"1246",504002,0.1965039,207600
"1247",504101,0.2654232,162600
"1248",530003,0.049676,260800
"1249",530004,0.4415585,211800
"1250",530005,0.0826686,269200
"1251",530006,0.7792823,234000
"1252",530101,0.7501523,175000
"1253",530102,0.5240384,213200
"1254",530202,0.3088607,179800
"1255",530203,0.6946277,203500
"1256",530204,0.6635193,175000
"1257",530301,0.6156156,159500
"1258",530302,0.5463071,171600
"1259",530400,0.5890074,166200
"1260",530500,0.6387665,143900
"1261",530601,0.4842767,142200
"1262",530602,0.4087194,133900
"1263",530700,0.5428016,156400
"1264",530801,0.6004399,144100
"1265",530802,0.4940898,137400
"1266",530901,0.6433486,151900
"1267",530902,0.6719626,148600
"1268",531000,0.6004747,144800
"1269",531101,0.6848091,159400
"1270",531102,0.7432796,169500
"1271",531201,0.6866168,153800
"1272",531202,0.7379068,177000
"1273",531301,0.7103506,161500
"1274",531302,0.6782973,145900
"1275",531501,0.6783099,153600
"1276",531502,0.7078947,147700
"1277",531602,0.7247956,153600
"1278",531603,0.6332932,151400
"1279",531604,0.7227273,153000
"1280",531701,0.6198656,160300
"1281",531702,0.7241923,163600
"1282",531800,0.6525822,167500
"1283",531901,0.5640718,159000
"1284",531902,0.4995434,161100
"1285",532001,0.5608938,174900
"1286",532002,0.5433071,159800
"1287",532101,0.7692767,165700
"1288",532102,0.3403614,180900
"1289",532200,0.6581544,184600
"1290",532302,0.4553818,147100
"1291",532303,0.4844125,165700
"1292",532304,0.6559139,144200
"1293",532500,0.6296975,148900
"1294",532603,0.7522698,167900
"1295",532604,0.769697,160100
"1296",532605,0.8037109,97600
"1297",532606,0.8942696,157000
"1298",532700,0.7077922,142600
"1299",532800,0.7551219,117100
"1300",532900,0.7140912,133800
"1301",533000,0.6700965,139700
"1302",533103,0.8726852,175400
"1303",533104,0.896664,93100
"1304",533105,0.8578275,174200
"1305",533106,0.6069767,168600
"1306",533107,0.7622449,169600
"1307",533201,0.7455357,172900
"1308",533202,0.5550458,165600
"1309",533203,0.7362429,193000
"1310",533300,0.7783019,146100
"1311",533401,0.6100179,144700
"1312",533402,0.7275479,160900
"1313",533403,0.6675462,159300
"1314",533501,0.7179837,152200
"1315",533502,0.6906854,172700
"1316",533503,0.7255278,163000
"1317",533601,0.76951,175000
"1318",533602,0.7323298,168100
"1319",533603,0.7038391,170300
"1320",533701,0.7290589,150900
"1321",533702,0.7505995,168100
"1322",533703,0.6946485,172300
"1323",533801,0.6685985,160800
"1324",533803,0.664981,172100
"1325",533804,0.6143959,159200
"1326",533901,0.7680851,176000
"1327",533902,0.664187,154900
"1328",534001,0.7665848,180600
"1329",534002,0.6496107,169900
"1330",534101,0.6764132,160400
"1331",534102,0.809779,210500
"1332",534201,0.7909836,174500
"1333",534202,0.83749,169000
"1334",534203,0.8051948,173300
"1335",534301,0.8319559,148200
"1336",534302,0.8329146,160200
"1337",534403,0.7318117,161800
"1338",534404,0.7608466,138100
"1339",534405,0.8782519,155600
"1340",534406,0.8985976,193200
"1341",534501,0.541536,167500
"1342",534502,0.4530777,162900
"1343",534700,0.2610097,172400
"1344",534802,0.4887892,167000
"1345",534803,0.5375774,168500
"1346",534804,0.5631399,144300
"1347",534900,0.6518675,144600
"1348",535000,0.6275303,151200
"1349",535101,0.5964691,136000
"1350",535102,0.516165,125700
"1351",535200,0.495614,132000
"1352",535300,0.5593483,132400
"1353",535400,0.5295056,127300
"1354",535501,0.7700205,204900
"1355",535502,0.6693944,166700
"1356",535503,0.7069768,162500
"1357",535603,0.7157258,168600
"1358",535604,0.5435435,157800
"1359",535605,0.7197751,167100
"1360",535606,0.6957447,148000
"1361",535607,0.4770555,146200
"1362",535701,0.5220434,165900
"1363",535702,0.5972995,156600
"1364",535802,0.5045103,155900
"1365",535803,0.7370405,152600
"1366",535804,0.6561086,154600
"1367",535901,0.4161172,161700
"1368",535902,0.2394558,163600
"1369",536000,0.6967294,164100
"1370",536101,0.4827728,165200
"1371",536102,0.1652582,158400
"1372",536200,0.3030635,162500
"1373",540000,0.5666667,154000
"1374",540101,0.3003636,152500
"1375",540102,0.2790055,148100
"1376",540201,0.7847866,150700
"1377",540202,0.8192162,144200
"1378",540203,0.7259259,160500
"1379",540300,0.4515556,134500
"1380",540400,0.4605911,131900
"1381",540501,0.4063137,141800
"1382",540502,0.8035451,143400
"1383",540600,0.6854839,131500
"1384",540700,0.5477179,136400
"1385",540800,0.4236779,132200
"1386",540901,0.3736162,137300
"1387",540902,0.3484163,143000
"1388",541002,0.1156337,193700
"1389",541100,0.3686636,132300
"1390",541200,0.2403409,141200
"1391",541300,0.2897196,133000
"1392",541400,0.4893773,124100
"1393",541500,0.6169245,117300
"1394",541603,0.5932204,137200
"1395",541604,0.6492424,136100
"1396",541605,0.5747316,132100
"1397",541606,0.6187625,136000
"1398",541700,0.3318043,148700
"1399",541801,0.525641,142500
"1400",541802,0.387156,145700
"1401",542000,0.409331,143700
"1402",542101,0.4249471,136000
"1403",542102,0.5364583,126000
"1404",542200,0.3544726,139700
"1405",542401,0.3391521,140000
"1406",542402,0.315508,139700
"1407",542501,0.4727273,140300
"1408",542502,0.693153,118900
"1409",542601,0.6427406,132300
"1410",542602,0.6188841,136000
"1411",542700,0.3765483,134300
"1412",542800,0.2398137,135100
"1413",542900,0.2752161,125500
"1414",543000,0.266223,138400
"1415",543100,0.2063306,136300
"1416",543201,0.3317191,150600
"1417",543202,0.5872302,137300
"1418",543303,0.2732558,204300
"1419",543304,0.0599483,215900
"1420",543305,0.1321321,112500
"1421",543400,0.1236069,164700
"1422",543501,0.4230392,167500
"1423",543502,0.32607,175800
"1424",543503,0.3382675,191600
"1425",543601,0.3548387,178200
"1426",543602,0.2681041,186100
"1427",543603,0.0591567,273200
"1428",543604,0.1105882,190700
"1429",543701,0.1598174,165900
"1430",543702,0.2513274,168300
"1431",543703,0.2182006,195200
"1432",543801,0.2008059,188500
"1433",543802,0.3821181,171600
"1434",543903,0.1440245,176200
"1435",543904,0.3067227,124600
"1436",544000,0.3121927,156200
"1437",550000,0.1013514,145100
"1438",550100,0.2031505,159200
"1439",550200,0.2916296,162500
"1440",550300,0.3274854,163600
"1441",550400,0.1933174,179600
"1442",550500,0.2449066,258600
"1443",550600,0.3660867,222800
"1444",550700,0.2349754,225700
"1445",550800,0.3328729,258200
"1446",550900,0.7384616,243800
"1447",551000,0.3419023,237100
"1448",551100,0.8423951,177900
"1449",551201,0.5690704,207500
"1450",551202,0.5365854,190700
"1451",551300,0.718816,183500
"1452",551400,0.4755117,193800
"1453",551500,0.4553176,201600
"1454",551700,0.3886946,182700
"1455",551800,0.4759382,179300
"1456",551900,0.285014,163300
"1457",552000,0.3887755,159000
"1458",552100,0.3400389,160400
"1459",552200,0.7231668,148600
"1460",552300,0.4051241,162300
"1461",552400,0.2512648,155000
"1462",552601,0.2368421,132000
"1463",552602,0.3585077,178100
"1464",552700,0.2652097,157400
"1465",552800,0.350062,164200
"1466",552900,0.4417755,167100
"1467",553000,0.1408451,165900
"1468",553100,0.4808399,188100
"1469",553200,0.2404871,180400
"1470",553300,0.1868687,171700
"1471",553400,0.3632694,165400
"1472",553501,0.5174791,134400
"1473",553502,0.603352,155600
"1474",553601,0.6089478,157400
"1475",553602,0.6661454,148200
"1476",553701,0.5549264,158100
"1477",553702,0.4399261,153500
"1478",553801,0.7594059,175400
"1479",553802,0.5351583,152900
"1480",553901,0.4721056,165400
"1481",553902,0.6295216,169100
"1482",554001,0.3310404,186500
"1483",554002,0.6350877,184200
"1484",554101,0.7077338,166500
"1485",554102,0.7859922,168500
"1486",554201,0.4126984,177200
"1487",554202,0.7887274,172900
"1488",554300,0.6257116,161500
"1489",554401,0.6279646,209900
"1490",554403,0.7298578,154700
"1491",554404,0.7879014,161900
"1492",554511,0.1856092,271300
"1493",554512,0.1127739,304200
"1494",554513,0.1683168,257100
"1495",554514,0.2052705,272500
"1496",554515,0.1301045,285900
"1497",554516,0.1208366,292700
"1498",554517,0.3396869,271900
"1499",554518,0.1304071,276000
"1500",554519,0.0756522,362900
"1501",554521,0.2060173,276300
"1502",554522,0.1149128,253100
"1503",554600,0.3436231,183900
"1504",554700,0.2535497,146300
"1505",554801,0.2640523,142300
"1506",554802,0.4451039,206700
"1507",554900,0.4910891,195400
"1508",555001,0.4220242,188100
"1509",555002,0.4385321,177700
"1510",555102,0.5966969,159700
"1511",555103,0.5103164,201800
"1512",555104,0.4724349,161500
"1513",555202,0.0605263,289700
"1514",555211,0.5195618,134800
"1515",555212,0.4995671,144000
"1516",570002,0.1657272,188000
"1517",570003,0.1829181,199500
"1518",570100,0.2258953,177700
"1519",570202,0.4258912,150200
"1520",570203,0.7957265,143600
"1521",570204,0.5416667,165400
"1522",570301,0.5888836,153400
"1523",570303,0.5340909,131700
"1524",570304,0.7067947,137700
"1525",570401,0.5415162,137800
"1526",570402,0.2106918,145900
"1527",570501,0.4143485,149700
"1528",570502,0.460192,145400
"1529",570601,0.6060218,145500
"1530",570602,0.5602241,158300
"1531",570603,0.8069658,113900
"1532",570701,0.4881329,208600
"1533",570702,0.1660735,194400
"1534",570800,0.1940139,197800
"1535",570901,0.1292696,218400
"1536",570902,0.2338073,209800
"1537",571101,0.1590621,208200
"1538",571102,0.1345291,213300
"1539",571200,0.4423077,270000
"1540",571300,0.1265332,227000
"1541",571400,0.3036437,201600
"1542",571501,0.4290563,188100
"1543",571502,0.4529248,190400
"1544",571701,0.573675,140900
"1545",571702,0.616426,135900
"1546",571800,0.233463,395000
"1547",571900,0.4518072,299000
"1548",572001,0.3948598,235100
"1549",572002,0.5910863,278800
"1550",572100,0.0847458,164000
"1551",572201,0.4153697,172700
"1552",572202,0.3293796,180600
"1553",572301,0.489774,138100
"1554",572302,0.4810281,148200
"1555",572400,0.0974026,154200
"1556",572500,0.7197452,139400
"1557",572600,0.2711726,149800
"1558",572700,0.3483575,149800
"1559",572900,0.5863747,137400
"1560",573001,0.7448113,179900
"1561",573002,0.9108635,136300
"1562",573100,0.6788831,178600
"1563",573201,0.7421336,152500
"1564",573202,0.7073343,127000
"1565",573300,0.7462083,150800
"1566",573401,0.6739563,223900
"1567",573402,0.579652,204000
"1568",573403,0.3450164,175000
"1569",573600,0.1297909,225200
"1570",573700,0.1401312,219400
"1571",573800,0.1312217,228900
"1572",573902,0.1145946,363200
"1573",574000,0.1025126,236300
"1574",574100,0.122491,224400
"1575",574201,0.1042228,233400
"1576",574202,0.5790921,216500
"1577",574300,0.1940098,244600
"1578",574400,0.1038895,242300
"1579",574500,0.1115434,249100
"1580",574602,0.1316726,555100
"1581",574800,0.4476127,558800
"1582",574902,0.7793667,207200
"1583",575001,0.7064343,195700
"1584",575002,0.6452684,184500
"1585",575101,0.7486226,157000
"1586",575102,0.8265896,107600
"1587",575103,0.8960121,158200
"1588",575201,0.7776968,118100
"1589",575202,0.8013191,141700
"1590",575300,0.8655529,140400
"1591",575401,0.941127,148800
"1592",575402,0.9089947,99300
"1593",575801,0.8778626,134900
"1594",575802,0.9107505,136600
"1595",575803,0.8551532,184700
"1596",575901,0.6618182,178800
"1597",575902,0.8403361,81700
"1598",576100,0.5852018,217300
"1599",576200,0.9317543,150000
"1600",576300,0.9221748,162100
"1601",576401,0.8809524,112500
"1602",576402,0.8335878,150900
"1603",576403,0.8871829,150000
"1604",576501,0.8502747,141200
"1605",576502,0.8348405,115300
"1606",576503,0.8859401,146600
"1607",576601,0.7809695,142000
"1608",576602,0.772655,253400
"1609",576700,0.6641324,454600
"1610",576801,0.7863572,220700
"1611",576802,0.8149087,221400
"1612",576901,0.8705114,169300
"1613",576902,0.8388554,180100
"1614",577000,0.8150307,185800
"1615",577100,0.6824561,335900
"1616",577200,0.7699488,428100
"1617",577300,0.7587311,393500
"1618",577400,0.6231721,386900
"1619",577501,0.3307323,641100
"1620",577502,0.6108648,811100
"1621",577601,0.2151335,261100
"1622",577602,0.319869,362500
"1623",577603,0.315747,462600
"1624",599000,0.7197171,388100
"1625",600100,0.8003309,142800
"1626",600201,0.7336861,137100
"1627",600202,0.7464865,136800
"1628",600301,0.8380668,142700
"1629",600302,0.3403846,152500
"1630",600400,0.424349,168600
"1631",600501,0.2907104,183700
"1632",600502,0.3412587,171100
"1633",600601,0.3840654,192100
"1634",600602,0.9537914,162500
"1635",600702,0.3226121,192100
"1636",600703,0.1065217,191300
"1637",600704,0.4868217,199400
"1638",600802,0.5139373,210100
"1639",600902,0.840694,138000
"1640",600911,0.5586975,164700
"1641",600912,0.4702341,148800
"1642",601001,0.8436396,230000
"1643",601002,0.7634834,156000
"1644",601100,0.8954147,150200
"1645",601202,0.4314477,155300
"1646",601211,0.8497317,163700
"1647",601212,0.8210369,154900
"1648",601302,0.7684028,189700
"1649",601303,0.8673277,132500
"1650",601401,0.6861314,158900
"1651",601402,0.4613703,160800
"1652",601501,0.8281853,157000
"1653",601502,0.6898657,162800
"1654",601600,0.666043,151900
"1655",601700,0.7515823,154400
"1656",601801,0.5730479,143800
"1657",601802,0.6600419,158800
"1658",601900,0.7700497,160100
"1659",602002,0.6004902,147300
"1660",602003,0.618107,160100
"1661",602004,0.5500486,165500
"1662",602103,0.8384832,151900
"1663",602104,0.7886992,154600
"1664",602105,0.8002905,164700
"1665",602106,0.7912191,183900
"1666",602200,0.4521531,203900
"1667",602301,0.2668743,179600
"1668",602302,0.100271,275200
"1669",602402,0.5229316,196700
"1670",602403,0.8246559,194200
"1671",602404,0.8138244,195000
"1672",602501,0.7953166,149800
"1673",602502,0.9403244,163400
"1674",602503,0.8931159,151300
"1675",602600,0.3961229,181800
"1676",602700,0.1556169,171300
"1677",602800,0.4686834,161900
"1678",602900,0.4731785,151600
"1679",603001,0.6280018,173300
"1680",603003,0.6674947,166800
"1681",603004,0.771261,175000
"1682",603101,0.6149871,173400
"1683",603102,0.6779661,206000
"1684",603200,0.3134172,186100
"1685",603301,0.7307221,206100
"1686",603302,0.51407,206500
"1687",603400,0.4602961,168800
"1688",603500,0.1751904,172800
"1689",603600,0.2244427,188600
"1690",603702,0.2007277,199500
"1691",603703,0.1518518,186600
"1692",603704,0.8511876,158900
"1693",603800,0.7248677,176300
"1694",603900,0.5918803,182500
"1695",604000,0.7012848,180400
"1696",604100,0.6513761,174900
"1697",609900,0.5050505,216800
"1698",620001,0.4720844,378600
"1699",620002,0.7193974,356300
"1700",620101,0.4478099,361700
"1701",620102,0.7251636,398400
"1702",620301,0.159161,631500
"1703",620302,0.5524297,743100
"1704",620400,0.2651185,518300
"1705",620501,0.3831957,331400
"1706",620521,0.56,289200
"1707",620522,0.5084459,336700
"1708",620601,0.6134616,267300
"1709",620602,0.3366987,294700
"1710",620701,0.4640825,325100
"1711",620702,0.2988095,354800
"1712",620800,0.2479462,635400
"1713",620901,0.1911469,885800
"1714",620902,0.441691,866800
"1715",621001,0.4214477,498800
"1716",621002,0.5822268,662300
"1717",621102,0.3424658,404900
"1718",621201,0.52,394700
"1719",621202,0.6207665,387900
"1720",621301,0.4430509,416900
"1721",621321,0.6330834,370900
"1722",621322,0.810113,554300
"1723",650001,0.3179012,228600
"1724",650002,0.6367874,245700
"1725",650101,0.2123682,259400
"1726",650102,0.2804878,223900
"1727",650200,0.2453512,232900
"1728",650300,0.5150905,237800
"1729",650400,0.2181688,299100
"1730",650501,0.1407129,327900
"1731",650502,0.2923272,352800
"1732",650601,0.8780286,328400
"1733",650602,0.8210451,340900
"1734",650603,0.3781127,383000
"1735",650701,0.1603154,346200
"1736",650702,0.1450777,344400
"1737",650800,0.2563402,286100
"1738",650901,0.6068341,259300
"1739",650902,0.6086338,245500
"1740",651001,0.2213459,315800
"1741",651002,0.3779849,335500
"1742",651101,0.405692,426700
"1743",651102,0.5195035,297100
"1744",651201,0.1134916,374700
"1745",651221,0.6945289,348500
"1746",651222,0.651801,363700
"1747",651301,0.5146292,533000
"1748",651302,0.1794033,473400
"1749",651400,0.3924126,377300
"1750",670001,0.3733974,251900
"1751",670002,0.6380953,245000
"1752",670003,0.5353535,255800
"1753",670100,0.5433272,287200
"1754",670201,0.1386334,702600
"1755",670202,0.0641304,611000
"1756",670301,0.1233217,744100
"1757",670321,0.0504077,896600
"1758",670322,0.0979792,762600
"1759",670403,0.060307,575200
"1760",670405,0.1306695,558400
"1761",670406,0.1323024,794100
"1762",670407,0.4364214,445100
"1763",670411,0.1455026,477800
"1764",670413,0.1897212,543900
"1765",670414,0.3016835,676100
"1766",670500,0.0589147,1000001
"1767",670600,0.1541531,682500
"1768",670701,0.1319529,389700
"1769",670702,0.0472402,671400
"1770",700100,0.9260625,313300
"1771",700200,0.9002517,329300
"1772",700300,0.6967922,233900
"1773",700400,0.749411,466900
"1774",700500,0.6354912,431100
"1775",700600,0.0600316,1000001
"1776",700700,0.0739437,1000001
"1777",700800,0.7047873,778800
"1778",700901,0.494171,655700
"1779",700902,0.7898845,766400
"1780",701000,0.669228,1000001
"1781",701201,0.1179095,1000001
"1782",701202,0.6484641,526200
"1783",701301,0.5296248,1000001
"1784",701302,0.8101623,381300
"1785",701400,0.8856936,359400
"1786",701501,0.7769732,414200
"1787",701502,0.8427024,356900
"1788",701601,0.3985344,755200
"1789",701602,0.7017637,357100
"1790",701701,0.7547062,309800
"1791",701702,0.917223,328600
"1792",701801,0.7633362,317500
"1793",701802,0.8207865,288300
"1794",701900,0.9745709,1000001
"1795",702000,0.7748022,500000
"1796",702100,0.7390481,470100
"1797",702201,0.6540046,489000
"1798",702202,0.4672131,510100
"1799",702300,0.5116122,532800
"1800",702400,0.5995807,245800
"1801",702501,0.4917569,344000
"1802",702502,0.3117448,275000
"1803",702600,0.2381579,323500
"1804",702700,0.2240437,333300
"1805",702801,0.6562173,328600
"1806",702802,0.5095613,297800
"1807",702803,0.595884,281300
"1808",702901,0.9236124,191300
"1809",703001,0.5097466,267600
"1810",703002,0.2322004,441100
"1811",703100,0.2903646,290800
"1812",703200,0.1879195,289800
"1813",800101,0.0443686,507700
"1814",800201,0.0997169,793200
"1815",800202,0.0682249,641600
"1816",800302,0.4251996,346800
"1817",800303,0.3478579,368200
"1818",800323,0.0835735,448500
"1819",800324,0.0993684,327100
"1820",800325,0.1555118,422000
"1821",800326,0.177911,604000
"1822",800401,0.2334944,606300
"1823",800403,0.1908821,994800
"1824",800502,0.3844062,1000001
"1825",900101,0.2227061,75300
"1826",900102,0.3113773,102800
"1827",900200,0.2985972,105200
"1828",900300,0.2838235,135900
"1829",900501,0.3003761,87200
"1830",900502,0.3387097,101900
"1831",900503,0.2542998,99900
"1832",900504,0.416411,108200
"1833",900602,0.3877902,65500
"1834",900604,0.2800926,94100
"1835",900605,0.1866841,97000
"1836",900606,0.5204526,82700
"1837",900607,0.4647378,72200
"1838",900701,0.4372093,84000
"1839",900703,0.7641997,77300
"1840",900705,0.6509598,136900
"1841",900803,0.249467,88300
"1842",900804,0.4460352,75800
"1843",900805,0.2825943,94100
"1844",900806,0.8377038,89000
"1845",900900,0.1464245,142700
"1846",901004,0.2661654,142800
"1847",901005,0.2734315,140900
"1848",901006,0.3587052,122100
"1849",901101,0.252905,129200
"1850",901102,0.2804878,142800
"1851",901203,0.2385321,134600
"1852",901205,0.3212571,164200
"1853",910000,0.2207792,96100
"1854",910100,0.5768262,107800
"1855",910201,0.2555673,129200
"1856",910203,0.1634183,132000
"1857",910204,0.0883078,165200
"1858",910205,0.1373057,289300
"1859",910206,0.2698413,275000
"1860",910302,0.0781781,204400
"1861",910401,0.3199506,142800
"1862",910402,0.7135827,78700
"1863",910403,0.8354633,72500
"1864",910404,0.3925993,96200
"1865",910501,0.9616613,70000
"1866",910502,0.5032619,66800
"1867",910503,0.2235794,91800
"1868",910601,0.3511989,75400
"1869",910602,0.5425189,118100
"1870",910603,0.2744237,97100
"1871",910604,0.2107107,99500
"1872",910703,0.1176003,106100
"1873",910704,0.1689751,108300
"1874",910705,0.0974235,114500
"1875",910706,0.1400209,97300
"1876",910707,0.4400274,125800
"1877",910710,0.2117528,109200
"1878",910804,0.1426799,254100
"1879",910805,0.1100421,286700
"1880",910807,0.1750155,212000
"1881",910810,0.094703,302800
"1882",910902,0.249531,99500
"1883",911000,0.191579,138300
"1884",920013,0.0707071,238500
"1885",920015,0.0678851,250000
"1886",920016,0.1328125,180900
"1887",920017,0.1848375,195200
"1888",920018,0.0235457,220900
"1889",920019,0.1017699,239800
"1890",920020,0.1142857,239100
"1891",920023,0.1049724,200000
"1892",920028,0.0702403,198700
"1893",920029,0.2734657,180500
"1894",920030,0.2935829,224500
"1895",920031,0.116567,148600
"1896",920034,0.2771619,204300
"1897",920035,0.2578868,167700
"1898",920036,0.336074,181700
"1899",920037,0.8221288,133700
"1900",920038,0.515625,121100
"1901",920039,0.0716783,272600
"1902",920040,0.3692946,238200
"1903",920041,0.1529745,172400
"1904",920042,0.3198338,187300
"1905",920103,0.4270501,164000
"1906",920105,0.064557,236000
"1907",920106,0.2699168,156300
"1908",920110,0.1444844,337800
"1909",920111,0.1093901,214000
"1910",920112,0.2214377,238200
"1911",920113,0.2173342,276900
"1912",920312,0.4680634,346000
"1913",920313,0.1444632,233100
"1914",920322,0.1775093,257400
"1915",920326,0.4302568,294200
"1916",920327,0.0443914,339600
"1917",920329,0.321542,238700
"1918",920330,0.2803738,303100
"1919",920334,0.266572,274300
"1920",920335,0.7453435,161600
"1921",930000,0.1576355,139600
